[
{
    "model": "admin.logentry",
    "pk": 1,
    "fields": {
        "action_time": "2026-01-15T15:13:40.031Z",
        "user": 1,
        "content_type": 6,
        "object_id": "1",
        "object_repr": "eliezer556 - Gerencia",
        "action_flag": 2,
        "change_message": "[{\"changed\": {\"fields\": [\"Role\"]}}]"
    }
},
{
    "model": "admin.logentry",
    "pk": 2,
    "fields": {
        "action_time": "2026-01-15T21:10:04.221Z",
        "user": 1,
        "content_type": 7,
        "object_id": "1",
        "object_repr": "Polar (Oscar)",
        "action_flag": 2,
        "change_message": "[{\"changed\": {\"fields\": [\"Business image\"]}}]"
    }
},
{
    "model": "admin.logentry",
    "pk": 3,
    "fields": {
        "action_time": "2026-01-18T00:52:55.026Z",
        "user": 1,
        "content_type": 8,
        "object_id": "1",
        "object_repr": "Category object (1)",
        "action_flag": 1,
        "change_message": "[{\"added\": {}}]"
    }
},
{
    "model": "admin.logentry",
    "pk": 4,
    "fields": {
        "action_time": "2026-01-18T00:54:28.698Z",
        "user": 1,
        "content_type": 9,
        "object_id": "1",
        "object_repr": "Franela negra - Stock: 10",
        "action_flag": 1,
        "change_message": "[{\"added\": {}}]"
    }
},
{
    "model": "admin.logentry",
    "pk": 5,
    "fields": {
        "action_time": "2026-01-18T02:50:30.875Z",
        "user": 1,
        "content_type": 8,
        "object_id": "2",
        "object_repr": "Category object (2)",
        "action_flag": 1,
        "change_message": "[{\"added\": {}}]"
    }
},
{
    "model": "admin.logentry",
    "pk": 6,
    "fields": {
        "action_time": "2026-01-18T02:51:29.880Z",
        "user": 1,
        "content_type": 9,
        "object_id": "2",
        "object_repr": "Franela roja - Stock: 0",
        "action_flag": 1,
        "change_message": "[{\"added\": {}}]"
    }
},
{
    "model": "admin.logentry",
    "pk": 7,
    "fields": {
        "action_time": "2026-01-18T02:53:14.157Z",
        "user": 1,
        "content_type": 9,
        "object_id": "3",
        "object_repr": "Aceite de coco - Stock: 10",
        "action_flag": 1,
        "change_message": "[{\"added\": {}}]"
    }
},
{
    "model": "admin.logentry",
    "pk": 8,
    "fields": {
        "action_time": "2026-01-18T22:07:26.662Z",
        "user": 1,
        "content_type": 9,
        "object_id": "3",
        "object_repr": "Aceite de coco - Stock: 9",
        "action_flag": 2,
        "change_message": "[{\"changed\": {\"fields\": [\"Precio de Compra\"]}}]"
    }
},
{
    "model": "admin.logentry",
    "pk": 9,
    "fields": {
        "action_time": "2026-01-18T22:07:35.062Z",
        "user": 1,
        "content_type": 9,
        "object_id": "2",
        "object_repr": "Franela roja - Stock: 0",
        "action_flag": 2,
        "change_message": "[{\"changed\": {\"fields\": [\"Precio de Compra\"]}}]"
    }
},
{
    "model": "admin.logentry",
    "pk": 10,
    "fields": {
        "action_time": "2026-01-18T22:07:41.456Z",
        "user": 1,
        "content_type": 9,
        "object_id": "1",
        "object_repr": "Franela negra - Stock: 9",
        "action_flag": 2,
        "change_message": "[{\"changed\": {\"fields\": [\"Precio de Compra\"]}}]"
    }
},
{
    "model": "admin.logentry",
    "pk": 11,
    "fields": {
        "action_time": "2026-01-18T22:33:09.446Z",
        "user": 1,
        "content_type": 12,
        "object_id": "1",
        "object_repr": "Ropa - MAYORISTA (20%)",
        "action_flag": 1,
        "change_message": "[{\"added\": {}}]"
    }
},
{
    "model": "admin.logentry",
    "pk": 12,
    "fields": {
        "action_time": "2026-01-18T22:43:56.422Z",
        "user": 1,
        "content_type": 12,
        "object_id": "1",
        "object_repr": "Ropa - HORIZONTAL (20.00%)",
        "action_flag": 2,
        "change_message": "[{\"changed\": {\"fields\": [\"Sale type\"]}}]"
    }
},
{
    "model": "admin.logentry",
    "pk": 13,
    "fields": {
        "action_time": "2026-01-18T22:51:11.114Z",
        "user": 1,
        "content_type": 12,
        "object_id": "1",
        "object_repr": "Ropa - HORIZONTAL (20.00%)",
        "action_flag": 2,
        "change_message": "[]"
    }
},
{
    "model": "admin.logentry",
    "pk": 14,
    "fields": {
        "action_time": "2026-01-20T01:15:44.368Z",
        "user": 1,
        "content_type": 9,
        "object_id": "4",
        "object_repr": "Jugo de naranja - Stock: 20",
        "action_flag": 2,
        "change_message": "[{\"changed\": {\"fields\": [\"Is active\"]}}]"
    }
},
{
    "model": "admin.logentry",
    "pk": 15,
    "fields": {
        "action_time": "2026-01-20T01:17:09.525Z",
        "user": 1,
        "content_type": 9,
        "object_id": "5",
        "object_repr": "Jugo de pera - Stock: 20",
        "action_flag": 2,
        "change_message": "[{\"changed\": {\"fields\": [\"Is active\"]}}]"
    }
},
{
    "model": "admin.logentry",
    "pk": 16,
    "fields": {
        "action_time": "2026-01-20T01:17:14.586Z",
        "user": 1,
        "content_type": 9,
        "object_id": "6",
        "object_repr": "Jugo de pera - Stock: 5",
        "action_flag": 2,
        "change_message": "[{\"changed\": {\"fields\": [\"Is active\"]}}]"
    }
},
{
    "model": "admin.logentry",
    "pk": 17,
    "fields": {
        "action_time": "2026-01-20T16:33:09.994Z",
        "user": 1,
        "content_type": 15,
        "object_id": "1",
        "object_repr": "Ruta Maracay Norte",
        "action_flag": 1,
        "change_message": "[{\"added\": {}}]"
    }
},
{
    "model": "admin.logentry",
    "pk": 18,
    "fields": {
        "action_time": "2026-01-20T16:33:38.969Z",
        "user": 1,
        "content_type": 15,
        "object_id": "2",
        "object_repr": "Ruta Maracay Sur",
        "action_flag": 1,
        "change_message": "[{\"added\": {}}]"
    }
},
{
    "model": "admin.logentry",
    "pk": 19,
    "fields": {
        "action_time": "2026-01-20T16:34:20.030Z",
        "user": 1,
        "content_type": 15,
        "object_id": "3",
        "object_repr": "Ruta Maracay Oste",
        "action_flag": 1,
        "change_message": "[{\"added\": {}}]"
    }
},
{
    "model": "admin.logentry",
    "pk": 20,
    "fields": {
        "action_time": "2026-01-20T17:03:14.426Z",
        "user": 1,
        "content_type": 14,
        "object_id": "2",
        "object_repr": "Despacho 2 - Ruta Maracay Norte",
        "action_flag": 1,
        "change_message": "[{\"added\": {}}]"
    }
},
{
    "model": "admin.logentry",
    "pk": 21,
    "fields": {
        "action_time": "2026-01-20T17:03:32.453Z",
        "user": 1,
        "content_type": 14,
        "object_id": "2",
        "object_repr": "Despacho 2 - Ruta Maracay Norte",
        "action_flag": 2,
        "change_message": "[{\"changed\": {\"fields\": [\"Status\"]}}]"
    }
},
{
    "model": "admin.logentry",
    "pk": 22,
    "fields": {
        "action_time": "2026-01-20T17:03:49.892Z",
        "user": 1,
        "content_type": 14,
        "object_id": "1",
        "object_repr": "Despacho 1 - Ruta Maracay Norte",
        "action_flag": 2,
        "change_message": "[{\"changed\": {\"fields\": [\"Status\"]}}]"
    }
},
{
    "model": "admin.logentry",
    "pk": 23,
    "fields": {
        "action_time": "2026-01-20T17:07:13.083Z",
        "user": 1,
        "content_type": 14,
        "object_id": "2",
        "object_repr": "Despacho 2 - Ruta Maracay Norte",
        "action_flag": 2,
        "change_message": "[{\"changed\": {\"fields\": [\"Status\"]}}]"
    }
},
{
    "model": "admin.logentry",
    "pk": 24,
    "fields": {
        "action_time": "2026-01-20T17:12:44.076Z",
        "user": 1,
        "content_type": 10,
        "object_id": "11",
        "object_repr": "Preventa #11 - Burguer SHOP",
        "action_flag": 2,
        "change_message": "[{\"changed\": {\"fields\": [\"Status\"]}}]"
    }
},
{
    "model": "admin.logentry",
    "pk": 25,
    "fields": {
        "action_time": "2026-01-20T17:12:58.527Z",
        "user": 1,
        "content_type": 10,
        "object_id": "11",
        "object_repr": "Preventa #11 - Burguer SHOP",
        "action_flag": 2,
        "change_message": "[{\"changed\": {\"fields\": [\"Status\"]}}]"
    }
},
{
    "model": "admin.logentry",
    "pk": 26,
    "fields": {
        "action_time": "2026-01-20T17:13:06.648Z",
        "user": 1,
        "content_type": 10,
        "object_id": "10",
        "object_repr": "Preventa #10 - Locatel",
        "action_flag": 2,
        "change_message": "[{\"changed\": {\"fields\": [\"Status\"]}}]"
    }
},
{
    "model": "admin.logentry",
    "pk": 27,
    "fields": {
        "action_time": "2026-01-20T17:14:43.229Z",
        "user": 1,
        "content_type": 10,
        "object_id": "10",
        "object_repr": "Preventa #10 - Locatel",
        "action_flag": 2,
        "change_message": "[{\"changed\": {\"fields\": [\"Status\"]}}]"
    }
},
{
    "model": "admin.logentry",
    "pk": 28,
    "fields": {
        "action_time": "2026-01-20T17:15:02.765Z",
        "user": 1,
        "content_type": 10,
        "object_id": "10",
        "object_repr": "Preventa #10 - Locatel",
        "action_flag": 2,
        "change_message": "[{\"changed\": {\"fields\": [\"Status\"]}}]"
    }
},
{
    "model": "admin.logentry",
    "pk": 29,
    "fields": {
        "action_time": "2026-01-20T17:23:13.777Z",
        "user": 1,
        "content_type": 10,
        "object_id": "10",
        "object_repr": "Preventa #10 - Locatel",
        "action_flag": 3,
        "change_message": ""
    }
},
{
    "model": "admin.logentry",
    "pk": 30,
    "fields": {
        "action_time": "2026-01-20T17:52:35.879Z",
        "user": 1,
        "content_type": 15,
        "object_id": "3",
        "object_repr": "Ruta Maracay Oeste",
        "action_flag": 2,
        "change_message": "[{\"changed\": {\"fields\": [\"Name\"]}}]"
    }
},
{
    "model": "admin.logentry",
    "pk": 31,
    "fields": {
        "action_time": "2026-01-20T18:26:34.328Z",
        "user": 1,
        "content_type": 14,
        "object_id": "4",
        "object_repr": "Despacho 4 - Ruta Maracay Norte",
        "action_flag": 3,
        "change_message": ""
    }
},
{
    "model": "admin.logentry",
    "pk": 32,
    "fields": {
        "action_time": "2026-01-20T18:26:39.318Z",
        "user": 1,
        "content_type": 14,
        "object_id": "3",
        "object_repr": "Despacho 3 - Ruta Maracay Norte",
        "action_flag": 3,
        "change_message": ""
    }
},
{
    "model": "admin.logentry",
    "pk": 33,
    "fields": {
        "action_time": "2026-01-20T18:26:43.255Z",
        "user": 1,
        "content_type": 14,
        "object_id": "2",
        "object_repr": "Despacho 2 - Ruta Maracay Norte",
        "action_flag": 3,
        "change_message": ""
    }
},
{
    "model": "admin.logentry",
    "pk": 34,
    "fields": {
        "action_time": "2026-01-20T18:26:48.566Z",
        "user": 1,
        "content_type": 14,
        "object_id": "1",
        "object_repr": "Despacho 1 - Ruta Maracay Norte",
        "action_flag": 3,
        "change_message": ""
    }
},
{
    "model": "admin.logentry",
    "pk": 35,
    "fields": {
        "action_time": "2026-01-20T19:39:28.037Z",
        "user": 1,
        "content_type": 10,
        "object_id": "11",
        "object_repr": "Preventa #11 - Burguer SHOP",
        "action_flag": 3,
        "change_message": ""
    }
},
{
    "model": "admin.logentry",
    "pk": 36,
    "fields": {
        "action_time": "2026-01-20T19:39:34.410Z",
        "user": 1,
        "content_type": 10,
        "object_id": "9",
        "object_repr": "Preventa #9 - Burguer SHOP",
        "action_flag": 3,
        "change_message": ""
    }
},
{
    "model": "admin.logentry",
    "pk": 37,
    "fields": {
        "action_time": "2026-01-20T19:39:41.772Z",
        "user": 1,
        "content_type": 10,
        "object_id": "8",
        "object_repr": "Preventa #8 - Burguer SHOP",
        "action_flag": 3,
        "change_message": ""
    }
},
{
    "model": "admin.logentry",
    "pk": 38,
    "fields": {
        "action_time": "2026-01-20T19:39:46.417Z",
        "user": 1,
        "content_type": 10,
        "object_id": "5",
        "object_repr": "Preventa #5 - Burguer SHOP",
        "action_flag": 3,
        "change_message": ""
    }
},
{
    "model": "admin.logentry",
    "pk": 39,
    "fields": {
        "action_time": "2026-01-20T19:39:50.046Z",
        "user": 1,
        "content_type": 10,
        "object_id": "4",
        "object_repr": "Preventa #4 - Burguer SHOP",
        "action_flag": 3,
        "change_message": ""
    }
},
{
    "model": "admin.logentry",
    "pk": 40,
    "fields": {
        "action_time": "2026-01-20T19:39:54.632Z",
        "user": 1,
        "content_type": 10,
        "object_id": "3",
        "object_repr": "Preventa #3 - Burguer SHOP",
        "action_flag": 3,
        "change_message": ""
    }
},
{
    "model": "admin.logentry",
    "pk": 41,
    "fields": {
        "action_time": "2026-01-20T19:40:00.357Z",
        "user": 1,
        "content_type": 10,
        "object_id": "2",
        "object_repr": "Preventa #2 - Burguer SHOP",
        "action_flag": 3,
        "change_message": ""
    }
},
{
    "model": "admin.logentry",
    "pk": 42,
    "fields": {
        "action_time": "2026-01-20T19:40:06.490Z",
        "user": 1,
        "content_type": 10,
        "object_id": "1",
        "object_repr": "Preventa #1 - Burguer SHOP",
        "action_flag": 3,
        "change_message": ""
    }
},
{
    "model": "admin.logentry",
    "pk": 43,
    "fields": {
        "action_time": "2026-01-20T20:57:46.160Z",
        "user": 1,
        "content_type": 10,
        "object_id": "14",
        "object_repr": "Preventa #14 - Burguer SHOP",
        "action_flag": 2,
        "change_message": "[{\"changed\": {\"fields\": [\"Status\"]}}]"
    }
},
{
    "model": "admin.logentry",
    "pk": 44,
    "fields": {
        "action_time": "2026-01-20T20:58:09.179Z",
        "user": 1,
        "content_type": 10,
        "object_id": "14",
        "object_repr": "Preventa #14 - Burguer SHOP",
        "action_flag": 3,
        "change_message": ""
    }
},
{
    "model": "admin.logentry",
    "pk": 45,
    "fields": {
        "action_time": "2026-01-21T00:51:37.147Z",
        "user": 1,
        "content_type": 6,
        "object_id": "9",
        "object_repr": "Usuario_Distribuidor - Distribuci¾n",
        "action_flag": 2,
        "change_message": "[{\"changed\": {\"fields\": [\"Username\", \"First name\", \"Last name\", \"Email\", \"Role\"]}}]"
    }
},
{
    "model": "admin.logentry",
    "pk": 46,
    "fields": {
        "action_time": "2026-01-21T01:00:06.495Z",
        "user": 1,
        "content_type": 9,
        "object_id": "7",
        "object_repr": "Jugo de manzana - Stock: 3",
        "action_flag": 2,
        "change_message": "[{\"changed\": {\"fields\": [\"Name\"]}}]"
    }
},
{
    "model": "admin.logentry",
    "pk": 47,
    "fields": {
        "action_time": "2026-01-21T13:07:35.585Z",
        "user": 1,
        "content_type": 10,
        "object_id": "36",
        "object_repr": "Preventa #36 - Burguer SHOP",
        "action_flag": 3,
        "change_message": ""
    }
},
{
    "model": "admin.logentry",
    "pk": 48,
    "fields": {
        "action_time": "2026-01-21T13:07:35.585Z",
        "user": 1,
        "content_type": 10,
        "object_id": "35",
        "object_repr": "Preventa #35 - Burguer SHOP",
        "action_flag": 3,
        "change_message": ""
    }
},
{
    "model": "admin.logentry",
    "pk": 49,
    "fields": {
        "action_time": "2026-01-21T13:07:35.585Z",
        "user": 1,
        "content_type": 10,
        "object_id": "34",
        "object_repr": "Preventa #34 - Burguer SHOP",
        "action_flag": 3,
        "change_message": ""
    }
},
{
    "model": "admin.logentry",
    "pk": 50,
    "fields": {
        "action_time": "2026-01-21T13:07:35.585Z",
        "user": 1,
        "content_type": 10,
        "object_id": "33",
        "object_repr": "Preventa #33 - Burguer SHOP",
        "action_flag": 3,
        "change_message": ""
    }
},
{
    "model": "admin.logentry",
    "pk": 51,
    "fields": {
        "action_time": "2026-01-21T13:07:35.585Z",
        "user": 1,
        "content_type": 10,
        "object_id": "32",
        "object_repr": "Preventa #32 - Burguer SHOP",
        "action_flag": 3,
        "change_message": ""
    }
},
{
    "model": "admin.logentry",
    "pk": 52,
    "fields": {
        "action_time": "2026-01-21T13:07:35.585Z",
        "user": 1,
        "content_type": 10,
        "object_id": "31",
        "object_repr": "Preventa #31 - Burguer SHOP",
        "action_flag": 3,
        "change_message": ""
    }
},
{
    "model": "admin.logentry",
    "pk": 53,
    "fields": {
        "action_time": "2026-01-21T13:07:35.585Z",
        "user": 1,
        "content_type": 10,
        "object_id": "30",
        "object_repr": "Preventa #30 - Burguer SHOP",
        "action_flag": 3,
        "change_message": ""
    }
},
{
    "model": "admin.logentry",
    "pk": 54,
    "fields": {
        "action_time": "2026-01-21T13:07:35.585Z",
        "user": 1,
        "content_type": 10,
        "object_id": "29",
        "object_repr": "Preventa #29 - Burguer SHOP",
        "action_flag": 3,
        "change_message": ""
    }
},
{
    "model": "admin.logentry",
    "pk": 55,
    "fields": {
        "action_time": "2026-01-21T13:07:35.586Z",
        "user": 1,
        "content_type": 10,
        "object_id": "28",
        "object_repr": "Preventa #28 - Burguer SHOP",
        "action_flag": 3,
        "change_message": ""
    }
},
{
    "model": "admin.logentry",
    "pk": 56,
    "fields": {
        "action_time": "2026-01-21T13:07:35.586Z",
        "user": 1,
        "content_type": 10,
        "object_id": "27",
        "object_repr": "Preventa #27 - Burguer SHOP",
        "action_flag": 3,
        "change_message": ""
    }
},
{
    "model": "admin.logentry",
    "pk": 57,
    "fields": {
        "action_time": "2026-01-21T13:07:35.586Z",
        "user": 1,
        "content_type": 10,
        "object_id": "26",
        "object_repr": "Preventa #26 - Burguer SHOP",
        "action_flag": 3,
        "change_message": ""
    }
},
{
    "model": "admin.logentry",
    "pk": 58,
    "fields": {
        "action_time": "2026-01-21T13:07:35.586Z",
        "user": 1,
        "content_type": 10,
        "object_id": "25",
        "object_repr": "Preventa #25 - Burguer SHOP",
        "action_flag": 3,
        "change_message": ""
    }
},
{
    "model": "admin.logentry",
    "pk": 59,
    "fields": {
        "action_time": "2026-01-21T13:07:35.586Z",
        "user": 1,
        "content_type": 10,
        "object_id": "24",
        "object_repr": "Preventa #24 - Burguer SHOP",
        "action_flag": 3,
        "change_message": ""
    }
},
{
    "model": "admin.logentry",
    "pk": 60,
    "fields": {
        "action_time": "2026-01-21T13:07:35.586Z",
        "user": 1,
        "content_type": 10,
        "object_id": "23",
        "object_repr": "Preventa #23 - Burguer SHOP",
        "action_flag": 3,
        "change_message": ""
    }
},
{
    "model": "admin.logentry",
    "pk": 61,
    "fields": {
        "action_time": "2026-01-21T13:07:35.586Z",
        "user": 1,
        "content_type": 10,
        "object_id": "22",
        "object_repr": "Preventa #22 - Burguer SHOP",
        "action_flag": 3,
        "change_message": ""
    }
},
{
    "model": "admin.logentry",
    "pk": 62,
    "fields": {
        "action_time": "2026-01-21T13:07:35.586Z",
        "user": 1,
        "content_type": 10,
        "object_id": "21",
        "object_repr": "Preventa #21 - Burguer SHOP",
        "action_flag": 3,
        "change_message": ""
    }
},
{
    "model": "admin.logentry",
    "pk": 63,
    "fields": {
        "action_time": "2026-01-21T13:07:35.586Z",
        "user": 1,
        "content_type": 10,
        "object_id": "20",
        "object_repr": "Preventa #20 - Burguer SHOP",
        "action_flag": 3,
        "change_message": ""
    }
},
{
    "model": "admin.logentry",
    "pk": 64,
    "fields": {
        "action_time": "2026-01-21T13:07:35.586Z",
        "user": 1,
        "content_type": 10,
        "object_id": "19",
        "object_repr": "Preventa #19 - Burguer SHOP",
        "action_flag": 3,
        "change_message": ""
    }
},
{
    "model": "admin.logentry",
    "pk": 65,
    "fields": {
        "action_time": "2026-01-21T13:07:35.586Z",
        "user": 1,
        "content_type": 10,
        "object_id": "18",
        "object_repr": "Preventa #18 - Burguer SHOP",
        "action_flag": 3,
        "change_message": ""
    }
},
{
    "model": "admin.logentry",
    "pk": 66,
    "fields": {
        "action_time": "2026-01-21T13:07:35.586Z",
        "user": 1,
        "content_type": 10,
        "object_id": "17",
        "object_repr": "Preventa #17 - Burguer SHOP",
        "action_flag": 3,
        "change_message": ""
    }
},
{
    "model": "admin.logentry",
    "pk": 67,
    "fields": {
        "action_time": "2026-01-21T13:07:35.586Z",
        "user": 1,
        "content_type": 10,
        "object_id": "16",
        "object_repr": "Preventa #16 - Burguer SHOP",
        "action_flag": 3,
        "change_message": ""
    }
},
{
    "model": "admin.logentry",
    "pk": 68,
    "fields": {
        "action_time": "2026-01-21T13:07:35.586Z",
        "user": 1,
        "content_type": 10,
        "object_id": "15",
        "object_repr": "Preventa #15 - Burguer SHOP",
        "action_flag": 3,
        "change_message": ""
    }
},
{
    "model": "admin.logentry",
    "pk": 69,
    "fields": {
        "action_time": "2026-01-21T13:07:35.586Z",
        "user": 1,
        "content_type": 10,
        "object_id": "13",
        "object_repr": "Preventa #13 - Burguer SHOP",
        "action_flag": 3,
        "change_message": ""
    }
},
{
    "model": "admin.logentry",
    "pk": 70,
    "fields": {
        "action_time": "2026-01-21T13:07:35.586Z",
        "user": 1,
        "content_type": 10,
        "object_id": "12",
        "object_repr": "Preventa #12 - Burguer SHOP",
        "action_flag": 3,
        "change_message": ""
    }
},
{
    "model": "admin.logentry",
    "pk": 71,
    "fields": {
        "action_time": "2026-01-21T13:39:37.806Z",
        "user": 1,
        "content_type": 6,
        "object_id": "8",
        "object_repr": "carlita - Distribuci¾n",
        "action_flag": 3,
        "change_message": ""
    }
},
{
    "model": "admin.logentry",
    "pk": 72,
    "fields": {
        "action_time": "2026-01-21T13:40:06.100Z",
        "user": 1,
        "content_type": 14,
        "object_id": "21",
        "object_repr": "Despacho 21 - Ruta Maracay Norte",
        "action_flag": 3,
        "change_message": ""
    }
},
{
    "model": "admin.logentry",
    "pk": 73,
    "fields": {
        "action_time": "2026-01-21T13:40:06.100Z",
        "user": 1,
        "content_type": 14,
        "object_id": "20",
        "object_repr": "Despacho 20 - Ruta Maracay Norte",
        "action_flag": 3,
        "change_message": ""
    }
},
{
    "model": "admin.logentry",
    "pk": 74,
    "fields": {
        "action_time": "2026-01-21T13:40:06.100Z",
        "user": 1,
        "content_type": 14,
        "object_id": "19",
        "object_repr": "Despacho 19 - Ruta Maracay Norte",
        "action_flag": 3,
        "change_message": ""
    }
},
{
    "model": "admin.logentry",
    "pk": 75,
    "fields": {
        "action_time": "2026-01-21T13:40:06.100Z",
        "user": 1,
        "content_type": 14,
        "object_id": "18",
        "object_repr": "Despacho 18 - Ruta Maracay Norte",
        "action_flag": 3,
        "change_message": ""
    }
},
{
    "model": "admin.logentry",
    "pk": 76,
    "fields": {
        "action_time": "2026-01-21T13:40:06.100Z",
        "user": 1,
        "content_type": 14,
        "object_id": "17",
        "object_repr": "Despacho 17 - Ruta Maracay Norte",
        "action_flag": 3,
        "change_message": ""
    }
},
{
    "model": "admin.logentry",
    "pk": 77,
    "fields": {
        "action_time": "2026-01-21T13:40:06.100Z",
        "user": 1,
        "content_type": 14,
        "object_id": "16",
        "object_repr": "Despacho 16 - Ruta Maracay Norte",
        "action_flag": 3,
        "change_message": ""
    }
},
{
    "model": "admin.logentry",
    "pk": 78,
    "fields": {
        "action_time": "2026-01-21T13:40:06.100Z",
        "user": 1,
        "content_type": 14,
        "object_id": "15",
        "object_repr": "Despacho 15 - Ruta Maracay Norte",
        "action_flag": 3,
        "change_message": ""
    }
},
{
    "model": "admin.logentry",
    "pk": 79,
    "fields": {
        "action_time": "2026-01-21T13:40:06.100Z",
        "user": 1,
        "content_type": 14,
        "object_id": "14",
        "object_repr": "Despacho 14 - Ruta Maracay Norte",
        "action_flag": 3,
        "change_message": ""
    }
},
{
    "model": "admin.logentry",
    "pk": 80,
    "fields": {
        "action_time": "2026-01-21T13:40:06.100Z",
        "user": 1,
        "content_type": 14,
        "object_id": "13",
        "object_repr": "Despacho 13 - Ruta Maracay Norte",
        "action_flag": 3,
        "change_message": ""
    }
},
{
    "model": "admin.logentry",
    "pk": 81,
    "fields": {
        "action_time": "2026-01-21T13:40:06.100Z",
        "user": 1,
        "content_type": 14,
        "object_id": "12",
        "object_repr": "Despacho 12 - Ruta Maracay Norte",
        "action_flag": 3,
        "change_message": ""
    }
},
{
    "model": "admin.logentry",
    "pk": 82,
    "fields": {
        "action_time": "2026-01-21T13:40:06.100Z",
        "user": 1,
        "content_type": 14,
        "object_id": "11",
        "object_repr": "Despacho 11 - Ruta Maracay Norte",
        "action_flag": 3,
        "change_message": ""
    }
},
{
    "model": "admin.logentry",
    "pk": 83,
    "fields": {
        "action_time": "2026-01-21T13:40:06.100Z",
        "user": 1,
        "content_type": 14,
        "object_id": "10",
        "object_repr": "Despacho 10 - Ruta Maracay Norte",
        "action_flag": 3,
        "change_message": ""
    }
},
{
    "model": "admin.logentry",
    "pk": 84,
    "fields": {
        "action_time": "2026-01-21T13:40:06.100Z",
        "user": 1,
        "content_type": 14,
        "object_id": "9",
        "object_repr": "Despacho 9 - Ruta Maracay Norte",
        "action_flag": 3,
        "change_message": ""
    }
},
{
    "model": "admin.logentry",
    "pk": 85,
    "fields": {
        "action_time": "2026-01-21T13:40:06.100Z",
        "user": 1,
        "content_type": 14,
        "object_id": "8",
        "object_repr": "Despacho 8 - Ruta Maracay Norte",
        "action_flag": 3,
        "change_message": ""
    }
},
{
    "model": "admin.logentry",
    "pk": 86,
    "fields": {
        "action_time": "2026-01-21T13:40:06.100Z",
        "user": 1,
        "content_type": 14,
        "object_id": "7",
        "object_repr": "Despacho 7 - Ruta Maracay Norte",
        "action_flag": 3,
        "change_message": ""
    }
},
{
    "model": "admin.logentry",
    "pk": 87,
    "fields": {
        "action_time": "2026-01-21T13:40:06.100Z",
        "user": 1,
        "content_type": 14,
        "object_id": "6",
        "object_repr": "Despacho 6 - Ruta Maracay Norte",
        "action_flag": 3,
        "change_message": ""
    }
},
{
    "model": "admin.logentry",
    "pk": 88,
    "fields": {
        "action_time": "2026-01-21T13:40:06.100Z",
        "user": 1,
        "content_type": 14,
        "object_id": "5",
        "object_repr": "Despacho 5 - Ruta Maracay Norte",
        "action_flag": 3,
        "change_message": ""
    }
},
{
    "model": "admin.logentry",
    "pk": 89,
    "fields": {
        "action_time": "2026-01-21T18:06:46.014Z",
        "user": 1,
        "content_type": 10,
        "object_id": "45",
        "object_repr": "Preventa #45 - Burguer SHOP",
        "action_flag": 3,
        "change_message": ""
    }
},
{
    "model": "admin.logentry",
    "pk": 90,
    "fields": {
        "action_time": "2026-01-22T03:37:08.943Z",
        "user": 1,
        "content_type": 10,
        "object_id": "53",
        "object_repr": "Preventa #53 - Burguer SHOP",
        "action_flag": 3,
        "change_message": ""
    }
},
{
    "model": "admin.logentry",
    "pk": 91,
    "fields": {
        "action_time": "2026-01-22T03:37:08.943Z",
        "user": 1,
        "content_type": 10,
        "object_id": "52",
        "object_repr": "Preventa #52 - Burguer SHOP",
        "action_flag": 3,
        "change_message": ""
    }
},
{
    "model": "admin.logentry",
    "pk": 92,
    "fields": {
        "action_time": "2026-01-22T03:37:08.943Z",
        "user": 1,
        "content_type": 10,
        "object_id": "51",
        "object_repr": "Preventa #51 - Burguer SHOP",
        "action_flag": 3,
        "change_message": ""
    }
},
{
    "model": "admin.logentry",
    "pk": 93,
    "fields": {
        "action_time": "2026-01-22T03:37:08.943Z",
        "user": 1,
        "content_type": 10,
        "object_id": "48",
        "object_repr": "Preventa #48 - Burguer SHOP",
        "action_flag": 3,
        "change_message": ""
    }
},
{
    "model": "admin.logentry",
    "pk": 94,
    "fields": {
        "action_time": "2026-01-22T03:37:08.943Z",
        "user": 1,
        "content_type": 10,
        "object_id": "47",
        "object_repr": "Preventa #47 - Burguer SHOP",
        "action_flag": 3,
        "change_message": ""
    }
},
{
    "model": "admin.logentry",
    "pk": 95,
    "fields": {
        "action_time": "2026-01-22T03:37:08.943Z",
        "user": 1,
        "content_type": 10,
        "object_id": "46",
        "object_repr": "Preventa #46 - Burguer SHOP",
        "action_flag": 3,
        "change_message": ""
    }
},
{
    "model": "admin.logentry",
    "pk": 96,
    "fields": {
        "action_time": "2026-01-22T03:37:08.943Z",
        "user": 1,
        "content_type": 10,
        "object_id": "44",
        "object_repr": "Preventa #44 - Burguer SHOP",
        "action_flag": 3,
        "change_message": ""
    }
},
{
    "model": "admin.logentry",
    "pk": 97,
    "fields": {
        "action_time": "2026-01-22T03:37:08.943Z",
        "user": 1,
        "content_type": 10,
        "object_id": "43",
        "object_repr": "Preventa #43 - Burguer SHOP",
        "action_flag": 3,
        "change_message": ""
    }
},
{
    "model": "admin.logentry",
    "pk": 98,
    "fields": {
        "action_time": "2026-01-22T03:37:08.943Z",
        "user": 1,
        "content_type": 10,
        "object_id": "42",
        "object_repr": "Preventa #42 - Burguer SHOP",
        "action_flag": 3,
        "change_message": ""
    }
},
{
    "model": "admin.logentry",
    "pk": 99,
    "fields": {
        "action_time": "2026-01-22T03:37:08.943Z",
        "user": 1,
        "content_type": 10,
        "object_id": "41",
        "object_repr": "Preventa #41 - Burguer SHOP",
        "action_flag": 3,
        "change_message": ""
    }
},
{
    "model": "admin.logentry",
    "pk": 100,
    "fields": {
        "action_time": "2026-01-22T03:37:08.943Z",
        "user": 1,
        "content_type": 10,
        "object_id": "40",
        "object_repr": "Preventa #40 - Burguer SHOP",
        "action_flag": 3,
        "change_message": ""
    }
},
{
    "model": "admin.logentry",
    "pk": 101,
    "fields": {
        "action_time": "2026-01-22T03:37:08.943Z",
        "user": 1,
        "content_type": 10,
        "object_id": "39",
        "object_repr": "Preventa #39 - Burguer SHOP",
        "action_flag": 3,
        "change_message": ""
    }
},
{
    "model": "admin.logentry",
    "pk": 102,
    "fields": {
        "action_time": "2026-01-22T03:37:08.943Z",
        "user": 1,
        "content_type": 10,
        "object_id": "38",
        "object_repr": "Preventa #38 - Burguer SHOP",
        "action_flag": 3,
        "change_message": ""
    }
},
{
    "model": "admin.logentry",
    "pk": 103,
    "fields": {
        "action_time": "2026-01-22T03:37:08.943Z",
        "user": 1,
        "content_type": 10,
        "object_id": "37",
        "object_repr": "Preventa #37 - Burguer SHOP",
        "action_flag": 3,
        "change_message": ""
    }
},
{
    "model": "admin.logentry",
    "pk": 104,
    "fields": {
        "action_time": "2026-01-22T03:37:22.769Z",
        "user": 1,
        "content_type": 14,
        "object_id": "40",
        "object_repr": "Despacho 40 - Ruta Maracay Norte",
        "action_flag": 3,
        "change_message": ""
    }
},
{
    "model": "admin.logentry",
    "pk": 105,
    "fields": {
        "action_time": "2026-01-22T03:37:22.769Z",
        "user": 1,
        "content_type": 14,
        "object_id": "39",
        "object_repr": "Despacho 39 - Ruta Maracay Norte",
        "action_flag": 3,
        "change_message": ""
    }
},
{
    "model": "admin.logentry",
    "pk": 106,
    "fields": {
        "action_time": "2026-01-22T03:37:22.769Z",
        "user": 1,
        "content_type": 14,
        "object_id": "38",
        "object_repr": "Despacho 38 - Ruta Maracay Norte",
        "action_flag": 3,
        "change_message": ""
    }
},
{
    "model": "admin.logentry",
    "pk": 107,
    "fields": {
        "action_time": "2026-01-22T03:37:22.769Z",
        "user": 1,
        "content_type": 14,
        "object_id": "37",
        "object_repr": "Despacho 37 - Ruta Maracay Norte",
        "action_flag": 3,
        "change_message": ""
    }
},
{
    "model": "admin.logentry",
    "pk": 108,
    "fields": {
        "action_time": "2026-01-22T03:37:22.769Z",
        "user": 1,
        "content_type": 14,
        "object_id": "36",
        "object_repr": "Despacho 36 - Ruta Maracay Norte",
        "action_flag": 3,
        "change_message": ""
    }
},
{
    "model": "admin.logentry",
    "pk": 109,
    "fields": {
        "action_time": "2026-01-22T03:37:22.769Z",
        "user": 1,
        "content_type": 14,
        "object_id": "35",
        "object_repr": "Despacho 35 - Ruta Maracay Norte",
        "action_flag": 3,
        "change_message": ""
    }
},
{
    "model": "admin.logentry",
    "pk": 110,
    "fields": {
        "action_time": "2026-01-22T03:37:22.769Z",
        "user": 1,
        "content_type": 14,
        "object_id": "34",
        "object_repr": "Despacho 34 - Ruta Maracay Norte",
        "action_flag": 3,
        "change_message": ""
    }
},
{
    "model": "admin.logentry",
    "pk": 111,
    "fields": {
        "action_time": "2026-01-22T03:37:22.769Z",
        "user": 1,
        "content_type": 14,
        "object_id": "33",
        "object_repr": "Despacho 33 - Ruta Maracay Norte",
        "action_flag": 3,
        "change_message": ""
    }
},
{
    "model": "admin.logentry",
    "pk": 112,
    "fields": {
        "action_time": "2026-01-22T03:37:22.769Z",
        "user": 1,
        "content_type": 14,
        "object_id": "32",
        "object_repr": "Despacho 32 - Ruta Maracay Norte",
        "action_flag": 3,
        "change_message": ""
    }
},
{
    "model": "admin.logentry",
    "pk": 113,
    "fields": {
        "action_time": "2026-01-22T03:37:22.769Z",
        "user": 1,
        "content_type": 14,
        "object_id": "31",
        "object_repr": "Despacho 31 - Ruta Maracay Norte",
        "action_flag": 3,
        "change_message": ""
    }
},
{
    "model": "admin.logentry",
    "pk": 114,
    "fields": {
        "action_time": "2026-01-22T03:37:22.769Z",
        "user": 1,
        "content_type": 14,
        "object_id": "30",
        "object_repr": "Despacho 30 - Ruta Maracay Norte",
        "action_flag": 3,
        "change_message": ""
    }
},
{
    "model": "admin.logentry",
    "pk": 115,
    "fields": {
        "action_time": "2026-01-22T03:37:22.769Z",
        "user": 1,
        "content_type": 14,
        "object_id": "29",
        "object_repr": "Despacho 29 - Ruta Maracay Norte",
        "action_flag": 3,
        "change_message": ""
    }
},
{
    "model": "admin.logentry",
    "pk": 116,
    "fields": {
        "action_time": "2026-01-22T03:37:22.769Z",
        "user": 1,
        "content_type": 14,
        "object_id": "28",
        "object_repr": "Despacho 28 - Ruta Maracay Norte",
        "action_flag": 3,
        "change_message": ""
    }
},
{
    "model": "admin.logentry",
    "pk": 117,
    "fields": {
        "action_time": "2026-01-22T03:37:22.769Z",
        "user": 1,
        "content_type": 14,
        "object_id": "27",
        "object_repr": "Despacho 27 - Ruta Maracay Norte",
        "action_flag": 3,
        "change_message": ""
    }
},
{
    "model": "admin.logentry",
    "pk": 118,
    "fields": {
        "action_time": "2026-01-22T03:37:22.769Z",
        "user": 1,
        "content_type": 14,
        "object_id": "26",
        "object_repr": "Despacho 26 - Ruta Maracay Norte",
        "action_flag": 3,
        "change_message": ""
    }
},
{
    "model": "admin.logentry",
    "pk": 119,
    "fields": {
        "action_time": "2026-01-22T03:37:22.769Z",
        "user": 1,
        "content_type": 14,
        "object_id": "25",
        "object_repr": "Despacho 25 - Ruta Maracay Norte",
        "action_flag": 3,
        "change_message": ""
    }
},
{
    "model": "admin.logentry",
    "pk": 120,
    "fields": {
        "action_time": "2026-01-22T03:37:22.769Z",
        "user": 1,
        "content_type": 14,
        "object_id": "24",
        "object_repr": "Despacho 24 - Ruta Maracay Norte",
        "action_flag": 3,
        "change_message": ""
    }
},
{
    "model": "admin.logentry",
    "pk": 121,
    "fields": {
        "action_time": "2026-01-22T03:37:22.769Z",
        "user": 1,
        "content_type": 14,
        "object_id": "23",
        "object_repr": "Despacho 23 - Ruta Maracay Norte",
        "action_flag": 3,
        "change_message": ""
    }
},
{
    "model": "admin.logentry",
    "pk": 122,
    "fields": {
        "action_time": "2026-01-22T03:37:22.769Z",
        "user": 1,
        "content_type": 14,
        "object_id": "22",
        "object_repr": "Despacho 22 - Ruta Maracay Norte",
        "action_flag": 3,
        "change_message": ""
    }
},
{
    "model": "admin.logentry",
    "pk": 123,
    "fields": {
        "action_time": "2026-01-22T03:37:48.566Z",
        "user": 1,
        "content_type": 13,
        "object_id": "148",
        "object_repr": "EGRESO - Mueble marron (3)",
        "action_flag": 3,
        "change_message": ""
    }
},
{
    "model": "admin.logentry",
    "pk": 124,
    "fields": {
        "action_time": "2026-01-22T03:37:48.566Z",
        "user": 1,
        "content_type": 13,
        "object_id": "147",
        "object_repr": "EGRESO - Franela roja (1)",
        "action_flag": 3,
        "change_message": ""
    }
},
{
    "model": "admin.logentry",
    "pk": 125,
    "fields": {
        "action_time": "2026-01-22T03:37:48.566Z",
        "user": 1,
        "content_type": 13,
        "object_id": "146",
        "object_repr": "INGRESO - Mueble marron (20)",
        "action_flag": 3,
        "change_message": ""
    }
},
{
    "model": "admin.logentry",
    "pk": 126,
    "fields": {
        "action_time": "2026-01-22T03:37:48.566Z",
        "user": 1,
        "content_type": 13,
        "object_id": "145",
        "object_repr": "INGRESO - Franela roja (1)",
        "action_flag": 3,
        "change_message": ""
    }
},
{
    "model": "admin.logentry",
    "pk": 127,
    "fields": {
        "action_time": "2026-01-22T03:37:48.566Z",
        "user": 1,
        "content_type": 13,
        "object_id": "144",
        "object_repr": "EGRESO - Franela roja (5)",
        "action_flag": 3,
        "change_message": ""
    }
},
{
    "model": "admin.logentry",
    "pk": 128,
    "fields": {
        "action_time": "2026-01-22T03:37:48.566Z",
        "user": 1,
        "content_type": 13,
        "object_id": "143",
        "object_repr": "EGRESO - Franela roja (2)",
        "action_flag": 3,
        "change_message": ""
    }
},
{
    "model": "admin.logentry",
    "pk": 129,
    "fields": {
        "action_time": "2026-01-22T03:37:48.566Z",
        "user": 1,
        "content_type": 13,
        "object_id": "142",
        "object_repr": "EGRESO - Jugo de manzana (1)",
        "action_flag": 3,
        "change_message": ""
    }
},
{
    "model": "admin.logentry",
    "pk": 130,
    "fields": {
        "action_time": "2026-01-22T03:37:48.566Z",
        "user": 1,
        "content_type": 13,
        "object_id": "141",
        "object_repr": "EGRESO - Jugo de pera (1)",
        "action_flag": 3,
        "change_message": ""
    }
},
{
    "model": "admin.logentry",
    "pk": 131,
    "fields": {
        "action_time": "2026-01-22T03:37:48.566Z",
        "user": 1,
        "content_type": 13,
        "object_id": "140",
        "object_repr": "EGRESO - Aceite de coco (1)",
        "action_flag": 3,
        "change_message": ""
    }
},
{
    "model": "admin.logentry",
    "pk": 132,
    "fields": {
        "action_time": "2026-01-22T03:37:48.566Z",
        "user": 1,
        "content_type": 13,
        "object_id": "139",
        "object_repr": "EGRESO - Jugo de naranja (4)",
        "action_flag": 3,
        "change_message": ""
    }
},
{
    "model": "admin.logentry",
    "pk": 133,
    "fields": {
        "action_time": "2026-01-22T03:37:48.566Z",
        "user": 1,
        "content_type": 13,
        "object_id": "138",
        "object_repr": "EGRESO - Aceite de coco (1)",
        "action_flag": 3,
        "change_message": ""
    }
},
{
    "model": "admin.logentry",
    "pk": 134,
    "fields": {
        "action_time": "2026-01-22T03:37:48.566Z",
        "user": 1,
        "content_type": 13,
        "object_id": "137",
        "object_repr": "EGRESO - Jugo de naranja (1)",
        "action_flag": 3,
        "change_message": ""
    }
},
{
    "model": "admin.logentry",
    "pk": 135,
    "fields": {
        "action_time": "2026-01-22T03:37:48.566Z",
        "user": 1,
        "content_type": 13,
        "object_id": "136",
        "object_repr": "EGRESO - Jugo de pera (1)",
        "action_flag": 3,
        "change_message": ""
    }
},
{
    "model": "admin.logentry",
    "pk": 136,
    "fields": {
        "action_time": "2026-01-22T03:37:48.566Z",
        "user": 1,
        "content_type": 13,
        "object_id": "135",
        "object_repr": "EGRESO - Jugo de pera (1)",
        "action_flag": 3,
        "change_message": ""
    }
},
{
    "model": "admin.logentry",
    "pk": 137,
    "fields": {
        "action_time": "2026-01-22T03:37:48.566Z",
        "user": 1,
        "content_type": 13,
        "object_id": "134",
        "object_repr": "EGRESO - Jugo de naranja (3)",
        "action_flag": 3,
        "change_message": ""
    }
},
{
    "model": "admin.logentry",
    "pk": 138,
    "fields": {
        "action_time": "2026-01-22T03:37:48.566Z",
        "user": 1,
        "content_type": 13,
        "object_id": "133",
        "object_repr": "EGRESO - Jugo de naranja (1)",
        "action_flag": 3,
        "change_message": ""
    }
},
{
    "model": "admin.logentry",
    "pk": 139,
    "fields": {
        "action_time": "2026-01-22T03:37:48.567Z",
        "user": 1,
        "content_type": 13,
        "object_id": "132",
        "object_repr": "EGRESO - Franela roja (1)",
        "action_flag": 3,
        "change_message": ""
    }
},
{
    "model": "admin.logentry",
    "pk": 140,
    "fields": {
        "action_time": "2026-01-22T03:37:48.567Z",
        "user": 1,
        "content_type": 13,
        "object_id": "131",
        "object_repr": "INGRESO - Jugo de pera (1)",
        "action_flag": 3,
        "change_message": ""
    }
},
{
    "model": "admin.logentry",
    "pk": 141,
    "fields": {
        "action_time": "2026-01-22T03:37:48.567Z",
        "user": 1,
        "content_type": 13,
        "object_id": "130",
        "object_repr": "INGRESO - Jugo de manzana (1)",
        "action_flag": 3,
        "change_message": ""
    }
},
{
    "model": "admin.logentry",
    "pk": 142,
    "fields": {
        "action_time": "2026-01-22T03:37:48.567Z",
        "user": 1,
        "content_type": 13,
        "object_id": "129",
        "object_repr": "INGRESO - Franela roja (1)",
        "action_flag": 3,
        "change_message": ""
    }
},
{
    "model": "admin.logentry",
    "pk": 143,
    "fields": {
        "action_time": "2026-01-22T03:37:48.567Z",
        "user": 1,
        "content_type": 13,
        "object_id": "128",
        "object_repr": "INGRESO - Franela roja (4)",
        "action_flag": 3,
        "change_message": ""
    }
},
{
    "model": "admin.logentry",
    "pk": 144,
    "fields": {
        "action_time": "2026-01-22T03:37:48.567Z",
        "user": 1,
        "content_type": 13,
        "object_id": "127",
        "object_repr": "INGRESO - Jugo de naranja (1)",
        "action_flag": 3,
        "change_message": ""
    }
},
{
    "model": "admin.logentry",
    "pk": 145,
    "fields": {
        "action_time": "2026-01-22T03:37:48.567Z",
        "user": 1,
        "content_type": 13,
        "object_id": "126",
        "object_repr": "EGRESO - Jugo de pera (1)",
        "action_flag": 3,
        "change_message": ""
    }
},
{
    "model": "admin.logentry",
    "pk": 146,
    "fields": {
        "action_time": "2026-01-22T03:37:48.567Z",
        "user": 1,
        "content_type": 13,
        "object_id": "125",
        "object_repr": "EGRESO - Franela roja (4)",
        "action_flag": 3,
        "change_message": ""
    }
},
{
    "model": "admin.logentry",
    "pk": 147,
    "fields": {
        "action_time": "2026-01-22T03:37:48.567Z",
        "user": 1,
        "content_type": 13,
        "object_id": "124",
        "object_repr": "EGRESO - Jugo de naranja (1)",
        "action_flag": 3,
        "change_message": ""
    }
},
{
    "model": "admin.logentry",
    "pk": 148,
    "fields": {
        "action_time": "2026-01-22T03:37:48.567Z",
        "user": 1,
        "content_type": 13,
        "object_id": "123",
        "object_repr": "EGRESO - Jugo de pera (1)",
        "action_flag": 3,
        "change_message": ""
    }
},
{
    "model": "admin.logentry",
    "pk": 149,
    "fields": {
        "action_time": "2026-01-22T03:37:48.567Z",
        "user": 1,
        "content_type": 13,
        "object_id": "122",
        "object_repr": "EGRESO - Jugo de manzana (1)",
        "action_flag": 3,
        "change_message": ""
    }
},
{
    "model": "admin.logentry",
    "pk": 150,
    "fields": {
        "action_time": "2026-01-22T03:37:48.567Z",
        "user": 1,
        "content_type": 13,
        "object_id": "121",
        "object_repr": "EGRESO - Franela roja (1)",
        "action_flag": 3,
        "change_message": ""
    }
},
{
    "model": "admin.logentry",
    "pk": 151,
    "fields": {
        "action_time": "2026-01-22T03:37:48.567Z",
        "user": 1,
        "content_type": 13,
        "object_id": "120",
        "object_repr": "INGRESO - Jugo de pera (3)",
        "action_flag": 3,
        "change_message": ""
    }
},
{
    "model": "admin.logentry",
    "pk": 152,
    "fields": {
        "action_time": "2026-01-22T03:37:48.567Z",
        "user": 1,
        "content_type": 13,
        "object_id": "119",
        "object_repr": "INGRESO - Jugo de naranja (1)",
        "action_flag": 3,
        "change_message": ""
    }
},
{
    "model": "admin.logentry",
    "pk": 153,
    "fields": {
        "action_time": "2026-01-22T03:37:48.567Z",
        "user": 1,
        "content_type": 13,
        "object_id": "118",
        "object_repr": "INGRESO - Jugo de pera (7)",
        "action_flag": 3,
        "change_message": ""
    }
},
{
    "model": "admin.logentry",
    "pk": 154,
    "fields": {
        "action_time": "2026-01-22T03:37:48.567Z",
        "user": 1,
        "content_type": 13,
        "object_id": "117",
        "object_repr": "EGRESO - Jugo de pera (3)",
        "action_flag": 3,
        "change_message": ""
    }
},
{
    "model": "admin.logentry",
    "pk": 155,
    "fields": {
        "action_time": "2026-01-22T03:37:48.567Z",
        "user": 1,
        "content_type": 13,
        "object_id": "116",
        "object_repr": "EGRESO - Jugo de naranja (1)",
        "action_flag": 3,
        "change_message": ""
    }
},
{
    "model": "admin.logentry",
    "pk": 156,
    "fields": {
        "action_time": "2026-01-22T03:37:48.567Z",
        "user": 1,
        "content_type": 13,
        "object_id": "115",
        "object_repr": "EGRESO - Jugo de pera (7)",
        "action_flag": 3,
        "change_message": ""
    }
},
{
    "model": "admin.logentry",
    "pk": 157,
    "fields": {
        "action_time": "2026-01-22T03:37:48.567Z",
        "user": 1,
        "content_type": 13,
        "object_id": "114",
        "object_repr": "EGRESO - Aceite de coco (1)",
        "action_flag": 3,
        "change_message": ""
    }
},
{
    "model": "admin.logentry",
    "pk": 158,
    "fields": {
        "action_time": "2026-01-22T03:37:48.567Z",
        "user": 1,
        "content_type": 13,
        "object_id": "113",
        "object_repr": "EGRESO - Jugo de pera (3)",
        "action_flag": 3,
        "change_message": ""
    }
},
{
    "model": "admin.logentry",
    "pk": 159,
    "fields": {
        "action_time": "2026-01-22T03:37:48.567Z",
        "user": 1,
        "content_type": 13,
        "object_id": "112",
        "object_repr": "EGRESO - Jugo de pera (1)",
        "action_flag": 3,
        "change_message": ""
    }
},
{
    "model": "admin.logentry",
    "pk": 160,
    "fields": {
        "action_time": "2026-01-22T03:37:48.567Z",
        "user": 1,
        "content_type": 13,
        "object_id": "111",
        "object_repr": "EGRESO - Jugo de naranja (1)",
        "action_flag": 3,
        "change_message": ""
    }
},
{
    "model": "admin.logentry",
    "pk": 161,
    "fields": {
        "action_time": "2026-01-22T03:37:48.567Z",
        "user": 1,
        "content_type": 13,
        "object_id": "110",
        "object_repr": "INGRESO - Jugo de manzana (1)",
        "action_flag": 3,
        "change_message": ""
    }
},
{
    "model": "admin.logentry",
    "pk": 162,
    "fields": {
        "action_time": "2026-01-22T03:37:48.567Z",
        "user": 1,
        "content_type": 13,
        "object_id": "109",
        "object_repr": "EGRESO - Jugo de manzana (1)",
        "action_flag": 3,
        "change_message": ""
    }
},
{
    "model": "admin.logentry",
    "pk": 163,
    "fields": {
        "action_time": "2026-01-22T03:37:48.567Z",
        "user": 1,
        "content_type": 13,
        "object_id": "108",
        "object_repr": "INGRESO - Jugo de manzana (1)",
        "action_flag": 3,
        "change_message": ""
    }
},
{
    "model": "admin.logentry",
    "pk": 164,
    "fields": {
        "action_time": "2026-01-22T03:37:48.567Z",
        "user": 1,
        "content_type": 13,
        "object_id": "107",
        "object_repr": "EGRESO - Jugo de manzana (3)",
        "action_flag": 3,
        "change_message": ""
    }
},
{
    "model": "admin.logentry",
    "pk": 165,
    "fields": {
        "action_time": "2026-01-22T03:37:48.567Z",
        "user": 1,
        "content_type": 13,
        "object_id": "106",
        "object_repr": "EGRESO - Aceite de coco (4)",
        "action_flag": 3,
        "change_message": ""
    }
},
{
    "model": "admin.logentry",
    "pk": 166,
    "fields": {
        "action_time": "2026-01-22T03:37:48.567Z",
        "user": 1,
        "content_type": 13,
        "object_id": "105",
        "object_repr": "EGRESO - Franela negra (2)",
        "action_flag": 3,
        "change_message": ""
    }
},
{
    "model": "admin.logentry",
    "pk": 167,
    "fields": {
        "action_time": "2026-01-22T03:37:48.567Z",
        "user": 1,
        "content_type": 13,
        "object_id": "104",
        "object_repr": "EGRESO - Jugo de pera (2)",
        "action_flag": 3,
        "change_message": ""
    }
},
{
    "model": "admin.logentry",
    "pk": 168,
    "fields": {
        "action_time": "2026-01-22T03:37:48.567Z",
        "user": 1,
        "content_type": 13,
        "object_id": "103",
        "object_repr": "EGRESO - Jugo de pera (1)",
        "action_flag": 3,
        "change_message": ""
    }
},
{
    "model": "admin.logentry",
    "pk": 169,
    "fields": {
        "action_time": "2026-01-22T03:37:48.567Z",
        "user": 1,
        "content_type": 13,
        "object_id": "102",
        "object_repr": "EGRESO - Franela roja (1)",
        "action_flag": 3,
        "change_message": ""
    }
},
{
    "model": "admin.logentry",
    "pk": 170,
    "fields": {
        "action_time": "2026-01-22T03:37:48.567Z",
        "user": 1,
        "content_type": 13,
        "object_id": "101",
        "object_repr": "EGRESO - Jugo de manzana (1)",
        "action_flag": 3,
        "change_message": ""
    }
},
{
    "model": "admin.logentry",
    "pk": 171,
    "fields": {
        "action_time": "2026-01-22T03:37:48.567Z",
        "user": 1,
        "content_type": 13,
        "object_id": "100",
        "object_repr": "EGRESO - Jugo de naranja (1)",
        "action_flag": 3,
        "change_message": ""
    }
},
{
    "model": "admin.logentry",
    "pk": 172,
    "fields": {
        "action_time": "2026-01-22T03:37:48.567Z",
        "user": 1,
        "content_type": 13,
        "object_id": "99",
        "object_repr": "EGRESO - Franela negra (2)",
        "action_flag": 3,
        "change_message": ""
    }
},
{
    "model": "admin.logentry",
    "pk": 173,
    "fields": {
        "action_time": "2026-01-22T03:37:48.567Z",
        "user": 1,
        "content_type": 13,
        "object_id": "98",
        "object_repr": "EGRESO - Jugo de pera (1)",
        "action_flag": 3,
        "change_message": ""
    }
},
{
    "model": "admin.logentry",
    "pk": 174,
    "fields": {
        "action_time": "2026-01-22T03:37:48.567Z",
        "user": 1,
        "content_type": 13,
        "object_id": "97",
        "object_repr": "EGRESO - Aceite de coco (1)",
        "action_flag": 3,
        "change_message": ""
    }
},
{
    "model": "admin.logentry",
    "pk": 175,
    "fields": {
        "action_time": "2026-01-22T03:37:48.567Z",
        "user": 1,
        "content_type": 13,
        "object_id": "96",
        "object_repr": "EGRESO - Jugo de pera (1)",
        "action_flag": 3,
        "change_message": ""
    }
},
{
    "model": "admin.logentry",
    "pk": 176,
    "fields": {
        "action_time": "2026-01-22T03:37:48.567Z",
        "user": 1,
        "content_type": 13,
        "object_id": "95",
        "object_repr": "EGRESO - Franela roja (1)",
        "action_flag": 3,
        "change_message": ""
    }
},
{
    "model": "admin.logentry",
    "pk": 177,
    "fields": {
        "action_time": "2026-01-22T03:37:48.567Z",
        "user": 1,
        "content_type": 13,
        "object_id": "94",
        "object_repr": "EGRESO - Jugo de manzana (1)",
        "action_flag": 3,
        "change_message": ""
    }
},
{
    "model": "admin.logentry",
    "pk": 178,
    "fields": {
        "action_time": "2026-01-22T03:37:48.567Z",
        "user": 1,
        "content_type": 13,
        "object_id": "93",
        "object_repr": "EGRESO - Jugo de naranja (1)",
        "action_flag": 3,
        "change_message": ""
    }
},
{
    "model": "admin.logentry",
    "pk": 179,
    "fields": {
        "action_time": "2026-01-22T03:37:48.567Z",
        "user": 1,
        "content_type": 13,
        "object_id": "92",
        "object_repr": "EGRESO - Aceite de coco (1)",
        "action_flag": 3,
        "change_message": ""
    }
},
{
    "model": "admin.logentry",
    "pk": 180,
    "fields": {
        "action_time": "2026-01-22T03:37:48.567Z",
        "user": 1,
        "content_type": 13,
        "object_id": "91",
        "object_repr": "EGRESO - Franela roja (1)",
        "action_flag": 3,
        "change_message": ""
    }
},
{
    "model": "admin.logentry",
    "pk": 181,
    "fields": {
        "action_time": "2026-01-22T03:37:48.567Z",
        "user": 1,
        "content_type": 13,
        "object_id": "90",
        "object_repr": "EGRESO - Franela negra (1)",
        "action_flag": 3,
        "change_message": ""
    }
},
{
    "model": "admin.logentry",
    "pk": 182,
    "fields": {
        "action_time": "2026-01-22T03:37:48.567Z",
        "user": 1,
        "content_type": 13,
        "object_id": "89",
        "object_repr": "EGRESO - Jugo de pera (1)",
        "action_flag": 3,
        "change_message": ""
    }
},
{
    "model": "admin.logentry",
    "pk": 183,
    "fields": {
        "action_time": "2026-01-22T03:37:48.567Z",
        "user": 1,
        "content_type": 13,
        "object_id": "88",
        "object_repr": "EGRESO - Jugo de manzana (1)",
        "action_flag": 3,
        "change_message": ""
    }
},
{
    "model": "admin.logentry",
    "pk": 184,
    "fields": {
        "action_time": "2026-01-22T03:37:48.568Z",
        "user": 1,
        "content_type": 13,
        "object_id": "87",
        "object_repr": "EGRESO - Jugo de naranja (1)",
        "action_flag": 3,
        "change_message": ""
    }
},
{
    "model": "admin.logentry",
    "pk": 185,
    "fields": {
        "action_time": "2026-01-22T03:37:48.568Z",
        "user": 1,
        "content_type": 13,
        "object_id": "86",
        "object_repr": "EGRESO - Franela negra (1)",
        "action_flag": 3,
        "change_message": ""
    }
},
{
    "model": "admin.logentry",
    "pk": 186,
    "fields": {
        "action_time": "2026-01-22T03:37:48.568Z",
        "user": 1,
        "content_type": 13,
        "object_id": "85",
        "object_repr": "EGRESO - Franela roja (1)",
        "action_flag": 3,
        "change_message": ""
    }
},
{
    "model": "admin.logentry",
    "pk": 187,
    "fields": {
        "action_time": "2026-01-22T03:37:48.568Z",
        "user": 1,
        "content_type": 13,
        "object_id": "84",
        "object_repr": "EGRESO - Jugo de pera (1)",
        "action_flag": 3,
        "change_message": ""
    }
},
{
    "model": "admin.logentry",
    "pk": 188,
    "fields": {
        "action_time": "2026-01-22T03:37:48.568Z",
        "user": 1,
        "content_type": 13,
        "object_id": "83",
        "object_repr": "EGRESO - Aceite de coco (1)",
        "action_flag": 3,
        "change_message": ""
    }
},
{
    "model": "admin.logentry",
    "pk": 189,
    "fields": {
        "action_time": "2026-01-22T03:37:48.568Z",
        "user": 1,
        "content_type": 13,
        "object_id": "82",
        "object_repr": "EGRESO - Jugo de pera (1)",
        "action_flag": 3,
        "change_message": ""
    }
},
{
    "model": "admin.logentry",
    "pk": 190,
    "fields": {
        "action_time": "2026-01-22T03:37:48.568Z",
        "user": 1,
        "content_type": 13,
        "object_id": "81",
        "object_repr": "EGRESO - Franela roja (1)",
        "action_flag": 3,
        "change_message": ""
    }
},
{
    "model": "admin.logentry",
    "pk": 191,
    "fields": {
        "action_time": "2026-01-22T03:37:48.568Z",
        "user": 1,
        "content_type": 13,
        "object_id": "80",
        "object_repr": "EGRESO - Franela negra (1)",
        "action_flag": 3,
        "change_message": ""
    }
},
{
    "model": "admin.logentry",
    "pk": 192,
    "fields": {
        "action_time": "2026-01-22T03:37:48.568Z",
        "user": 1,
        "content_type": 13,
        "object_id": "79",
        "object_repr": "EGRESO - Aceite de coco (1)",
        "action_flag": 3,
        "change_message": ""
    }
},
{
    "model": "admin.logentry",
    "pk": 193,
    "fields": {
        "action_time": "2026-01-22T03:37:48.568Z",
        "user": 1,
        "content_type": 13,
        "object_id": "78",
        "object_repr": "EGRESO - Franela roja (1)",
        "action_flag": 3,
        "change_message": ""
    }
},
{
    "model": "admin.logentry",
    "pk": 194,
    "fields": {
        "action_time": "2026-01-22T03:37:48.568Z",
        "user": 1,
        "content_type": 13,
        "object_id": "77",
        "object_repr": "EGRESO - Jugo de pera (1)",
        "action_flag": 3,
        "change_message": ""
    }
},
{
    "model": "admin.logentry",
    "pk": 195,
    "fields": {
        "action_time": "2026-01-22T03:37:48.568Z",
        "user": 1,
        "content_type": 13,
        "object_id": "76",
        "object_repr": "EGRESO - Jugo de naranja (5)",
        "action_flag": 3,
        "change_message": ""
    }
},
{
    "model": "admin.logentry",
    "pk": 196,
    "fields": {
        "action_time": "2026-01-22T03:37:48.568Z",
        "user": 1,
        "content_type": 13,
        "object_id": "75",
        "object_repr": "EGRESO - Jugo de manzana (1)",
        "action_flag": 3,
        "change_message": ""
    }
},
{
    "model": "admin.logentry",
    "pk": 197,
    "fields": {
        "action_time": "2026-01-22T03:37:48.568Z",
        "user": 1,
        "content_type": 13,
        "object_id": "74",
        "object_repr": "EGRESO - Franela negra (1)",
        "action_flag": 3,
        "change_message": ""
    }
},
{
    "model": "admin.logentry",
    "pk": 198,
    "fields": {
        "action_time": "2026-01-22T03:37:48.568Z",
        "user": 1,
        "content_type": 13,
        "object_id": "73",
        "object_repr": "EGRESO - Jugo de pera (1)",
        "action_flag": 3,
        "change_message": ""
    }
},
{
    "model": "admin.logentry",
    "pk": 199,
    "fields": {
        "action_time": "2026-01-22T03:37:48.568Z",
        "user": 1,
        "content_type": 13,
        "object_id": "72",
        "object_repr": "EGRESO - Aceite de coco (1)",
        "action_flag": 3,
        "change_message": ""
    }
},
{
    "model": "admin.logentry",
    "pk": 200,
    "fields": {
        "action_time": "2026-01-22T03:37:48.568Z",
        "user": 1,
        "content_type": 13,
        "object_id": "71",
        "object_repr": "EGRESO - Jugo de pera (1)",
        "action_flag": 3,
        "change_message": ""
    }
},
{
    "model": "admin.logentry",
    "pk": 201,
    "fields": {
        "action_time": "2026-01-22T03:37:48.568Z",
        "user": 1,
        "content_type": 13,
        "object_id": "70",
        "object_repr": "EGRESO - Jugo de naranja (1)",
        "action_flag": 3,
        "change_message": ""
    }
},
{
    "model": "admin.logentry",
    "pk": 202,
    "fields": {
        "action_time": "2026-01-22T03:37:48.568Z",
        "user": 1,
        "content_type": 13,
        "object_id": "69",
        "object_repr": "EGRESO - Franela negra (1)",
        "action_flag": 3,
        "change_message": ""
    }
},
{
    "model": "admin.logentry",
    "pk": 203,
    "fields": {
        "action_time": "2026-01-22T03:37:48.568Z",
        "user": 1,
        "content_type": 13,
        "object_id": "68",
        "object_repr": "EGRESO - Jugo de pera (1)",
        "action_flag": 3,
        "change_message": ""
    }
},
{
    "model": "admin.logentry",
    "pk": 204,
    "fields": {
        "action_time": "2026-01-22T03:37:48.568Z",
        "user": 1,
        "content_type": 13,
        "object_id": "67",
        "object_repr": "EGRESO - Jugo de manzana (2)",
        "action_flag": 3,
        "change_message": ""
    }
},
{
    "model": "admin.logentry",
    "pk": 205,
    "fields": {
        "action_time": "2026-01-22T03:37:48.568Z",
        "user": 1,
        "content_type": 13,
        "object_id": "66",
        "object_repr": "EGRESO - Franela roja (2)",
        "action_flag": 3,
        "change_message": ""
    }
},
{
    "model": "admin.logentry",
    "pk": 206,
    "fields": {
        "action_time": "2026-01-22T03:37:48.568Z",
        "user": 1,
        "content_type": 13,
        "object_id": "65",
        "object_repr": "EGRESO - Jugo de pera (8)",
        "action_flag": 3,
        "change_message": ""
    }
},
{
    "model": "admin.logentry",
    "pk": 207,
    "fields": {
        "action_time": "2026-01-22T03:37:48.568Z",
        "user": 1,
        "content_type": 13,
        "object_id": "64",
        "object_repr": "EGRESO - Franela roja (1)",
        "action_flag": 3,
        "change_message": ""
    }
},
{
    "model": "admin.logentry",
    "pk": 208,
    "fields": {
        "action_time": "2026-01-22T03:37:48.568Z",
        "user": 1,
        "content_type": 13,
        "object_id": "63",
        "object_repr": "EGRESO - Aceite de coco (2)",
        "action_flag": 3,
        "change_message": ""
    }
},
{
    "model": "admin.logentry",
    "pk": 209,
    "fields": {
        "action_time": "2026-01-22T03:37:48.568Z",
        "user": 1,
        "content_type": 13,
        "object_id": "62",
        "object_repr": "EGRESO - Jugo de manzana (1)",
        "action_flag": 3,
        "change_message": ""
    }
},
{
    "model": "admin.logentry",
    "pk": 210,
    "fields": {
        "action_time": "2026-01-22T03:37:48.568Z",
        "user": 1,
        "content_type": 13,
        "object_id": "61",
        "object_repr": "EGRESO - Franela roja (1)",
        "action_flag": 3,
        "change_message": ""
    }
},
{
    "model": "admin.logentry",
    "pk": 211,
    "fields": {
        "action_time": "2026-01-22T03:37:48.568Z",
        "user": 1,
        "content_type": 13,
        "object_id": "60",
        "object_repr": "EGRESO - Jugo de naranja (1)",
        "action_flag": 3,
        "change_message": ""
    }
},
{
    "model": "admin.logentry",
    "pk": 212,
    "fields": {
        "action_time": "2026-01-22T03:37:48.568Z",
        "user": 1,
        "content_type": 13,
        "object_id": "59",
        "object_repr": "EGRESO - Jugo de pera (1)",
        "action_flag": 3,
        "change_message": ""
    }
},
{
    "model": "admin.logentry",
    "pk": 213,
    "fields": {
        "action_time": "2026-01-22T03:37:48.568Z",
        "user": 1,
        "content_type": 13,
        "object_id": "58",
        "object_repr": "EGRESO - Aceite de coco (1)",
        "action_flag": 3,
        "change_message": ""
    }
},
{
    "model": "admin.logentry",
    "pk": 214,
    "fields": {
        "action_time": "2026-01-22T03:37:48.568Z",
        "user": 1,
        "content_type": 13,
        "object_id": "57",
        "object_repr": "EGRESO - Jugo de naranja (1)",
        "action_flag": 3,
        "change_message": ""
    }
},
{
    "model": "admin.logentry",
    "pk": 215,
    "fields": {
        "action_time": "2026-01-22T03:37:48.568Z",
        "user": 1,
        "content_type": 13,
        "object_id": "56",
        "object_repr": "EGRESO - Jugo de pera (1)",
        "action_flag": 3,
        "change_message": ""
    }
},
{
    "model": "admin.logentry",
    "pk": 216,
    "fields": {
        "action_time": "2026-01-22T03:37:48.568Z",
        "user": 1,
        "content_type": 13,
        "object_id": "55",
        "object_repr": "EGRESO - Jugo de pera (1)",
        "action_flag": 3,
        "change_message": ""
    }
},
{
    "model": "admin.logentry",
    "pk": 217,
    "fields": {
        "action_time": "2026-01-22T03:37:48.568Z",
        "user": 1,
        "content_type": 13,
        "object_id": "54",
        "object_repr": "EGRESO - Franela roja (1)",
        "action_flag": 3,
        "change_message": ""
    }
},
{
    "model": "admin.logentry",
    "pk": 218,
    "fields": {
        "action_time": "2026-01-22T03:37:48.568Z",
        "user": 1,
        "content_type": 13,
        "object_id": "53",
        "object_repr": "EGRESO - Jugo de manzana (1)",
        "action_flag": 3,
        "change_message": ""
    }
},
{
    "model": "admin.logentry",
    "pk": 219,
    "fields": {
        "action_time": "2026-01-22T03:37:48.568Z",
        "user": 1,
        "content_type": 13,
        "object_id": "52",
        "object_repr": "EGRESO - Franela negra (1)",
        "action_flag": 3,
        "change_message": ""
    }
},
{
    "model": "admin.logentry",
    "pk": 220,
    "fields": {
        "action_time": "2026-01-22T03:37:48.568Z",
        "user": 1,
        "content_type": 13,
        "object_id": "51",
        "object_repr": "EGRESO - Jugo de pera (1)",
        "action_flag": 3,
        "change_message": ""
    }
},
{
    "model": "admin.logentry",
    "pk": 221,
    "fields": {
        "action_time": "2026-01-22T03:37:48.568Z",
        "user": 1,
        "content_type": 13,
        "object_id": "50",
        "object_repr": "EGRESO - Jugo de manzana (1)",
        "action_flag": 3,
        "change_message": ""
    }
},
{
    "model": "admin.logentry",
    "pk": 222,
    "fields": {
        "action_time": "2026-01-22T03:37:48.568Z",
        "user": 1,
        "content_type": 13,
        "object_id": "49",
        "object_repr": "EGRESO - Franela negra (1)",
        "action_flag": 3,
        "change_message": ""
    }
},
{
    "model": "admin.logentry",
    "pk": 223,
    "fields": {
        "action_time": "2026-01-22T03:38:06.696Z",
        "user": 1,
        "content_type": 13,
        "object_id": "48",
        "object_repr": "EGRESO - Jugo de pera (2)",
        "action_flag": 3,
        "change_message": ""
    }
},
{
    "model": "admin.logentry",
    "pk": 224,
    "fields": {
        "action_time": "2026-01-22T03:38:06.696Z",
        "user": 1,
        "content_type": 13,
        "object_id": "47",
        "object_repr": "EGRESO - Jugo de manzana (1)",
        "action_flag": 3,
        "change_message": ""
    }
},
{
    "model": "admin.logentry",
    "pk": 225,
    "fields": {
        "action_time": "2026-01-22T03:38:06.697Z",
        "user": 1,
        "content_type": 13,
        "object_id": "46",
        "object_repr": "EGRESO - Jugo de naranja (1)",
        "action_flag": 3,
        "change_message": ""
    }
},
{
    "model": "admin.logentry",
    "pk": 226,
    "fields": {
        "action_time": "2026-01-22T03:38:06.697Z",
        "user": 1,
        "content_type": 13,
        "object_id": "45",
        "object_repr": "EGRESO - Jugo de pera (1)",
        "action_flag": 3,
        "change_message": ""
    }
},
{
    "model": "admin.logentry",
    "pk": 227,
    "fields": {
        "action_time": "2026-01-22T03:38:06.697Z",
        "user": 1,
        "content_type": 13,
        "object_id": "44",
        "object_repr": "EGRESO - Jugo de pera (1)",
        "action_flag": 3,
        "change_message": ""
    }
},
{
    "model": "admin.logentry",
    "pk": 228,
    "fields": {
        "action_time": "2026-01-22T03:38:06.697Z",
        "user": 1,
        "content_type": 13,
        "object_id": "43",
        "object_repr": "EGRESO - Aceite de coco (1)",
        "action_flag": 3,
        "change_message": ""
    }
},
{
    "model": "admin.logentry",
    "pk": 229,
    "fields": {
        "action_time": "2026-01-22T03:38:06.697Z",
        "user": 1,
        "content_type": 13,
        "object_id": "42",
        "object_repr": "EGRESO - Jugo de naranja (1)",
        "action_flag": 3,
        "change_message": ""
    }
},
{
    "model": "admin.logentry",
    "pk": 230,
    "fields": {
        "action_time": "2026-01-22T03:38:06.697Z",
        "user": 1,
        "content_type": 13,
        "object_id": "41",
        "object_repr": "EGRESO - Franela roja (1)",
        "action_flag": 3,
        "change_message": ""
    }
},
{
    "model": "admin.logentry",
    "pk": 231,
    "fields": {
        "action_time": "2026-01-22T03:38:06.697Z",
        "user": 1,
        "content_type": 13,
        "object_id": "40",
        "object_repr": "EGRESO - Jugo de pera (1)",
        "action_flag": 3,
        "change_message": ""
    }
},
{
    "model": "admin.logentry",
    "pk": 232,
    "fields": {
        "action_time": "2026-01-22T03:38:06.697Z",
        "user": 1,
        "content_type": 13,
        "object_id": "39",
        "object_repr": "EGRESO - Jugo de manzana (4)",
        "action_flag": 3,
        "change_message": ""
    }
},
{
    "model": "admin.logentry",
    "pk": 233,
    "fields": {
        "action_time": "2026-01-22T03:38:06.697Z",
        "user": 1,
        "content_type": 13,
        "object_id": "38",
        "object_repr": "EGRESO - Franela roja (1)",
        "action_flag": 3,
        "change_message": ""
    }
},
{
    "model": "admin.logentry",
    "pk": 234,
    "fields": {
        "action_time": "2026-01-22T03:38:06.697Z",
        "user": 1,
        "content_type": 13,
        "object_id": "37",
        "object_repr": "EGRESO - Aceite de coco (1)",
        "action_flag": 3,
        "change_message": ""
    }
},
{
    "model": "admin.logentry",
    "pk": 235,
    "fields": {
        "action_time": "2026-01-22T03:38:06.697Z",
        "user": 1,
        "content_type": 13,
        "object_id": "36",
        "object_repr": "EGRESO - Jugo de pera (1)",
        "action_flag": 3,
        "change_message": ""
    }
},
{
    "model": "admin.logentry",
    "pk": 236,
    "fields": {
        "action_time": "2026-01-22T03:38:06.697Z",
        "user": 1,
        "content_type": 13,
        "object_id": "35",
        "object_repr": "EGRESO - Jugo de pera (1)",
        "action_flag": 3,
        "change_message": ""
    }
},
{
    "model": "admin.logentry",
    "pk": 237,
    "fields": {
        "action_time": "2026-01-22T03:38:06.697Z",
        "user": 1,
        "content_type": 13,
        "object_id": "34",
        "object_repr": "EGRESO - Franela negra (1)",
        "action_flag": 3,
        "change_message": ""
    }
},
{
    "model": "admin.logentry",
    "pk": 238,
    "fields": {
        "action_time": "2026-01-22T03:38:06.697Z",
        "user": 1,
        "content_type": 13,
        "object_id": "33",
        "object_repr": "EGRESO - Franela roja (1)",
        "action_flag": 3,
        "change_message": ""
    }
},
{
    "model": "admin.logentry",
    "pk": 239,
    "fields": {
        "action_time": "2026-01-22T03:38:06.697Z",
        "user": 1,
        "content_type": 13,
        "object_id": "32",
        "object_repr": "EGRESO - Jugo de manzana (1)",
        "action_flag": 3,
        "change_message": ""
    }
},
{
    "model": "admin.logentry",
    "pk": 240,
    "fields": {
        "action_time": "2026-01-22T03:38:06.697Z",
        "user": 1,
        "content_type": 13,
        "object_id": "31",
        "object_repr": "EGRESO - Aceite de coco (1)",
        "action_flag": 3,
        "change_message": ""
    }
},
{
    "model": "admin.logentry",
    "pk": 241,
    "fields": {
        "action_time": "2026-01-22T03:38:06.697Z",
        "user": 1,
        "content_type": 13,
        "object_id": "30",
        "object_repr": "EGRESO - Jugo de pera (1)",
        "action_flag": 3,
        "change_message": ""
    }
},
{
    "model": "admin.logentry",
    "pk": 242,
    "fields": {
        "action_time": "2026-01-22T03:38:06.697Z",
        "user": 1,
        "content_type": 13,
        "object_id": "29",
        "object_repr": "EGRESO - Franela negra (1)",
        "action_flag": 3,
        "change_message": ""
    }
},
{
    "model": "admin.logentry",
    "pk": 243,
    "fields": {
        "action_time": "2026-01-22T03:38:06.697Z",
        "user": 1,
        "content_type": 13,
        "object_id": "28",
        "object_repr": "EGRESO - Jugo de pera (1)",
        "action_flag": 3,
        "change_message": ""
    }
},
{
    "model": "admin.logentry",
    "pk": 244,
    "fields": {
        "action_time": "2026-01-22T03:38:06.697Z",
        "user": 1,
        "content_type": 13,
        "object_id": "27",
        "object_repr": "EGRESO - Jugo de naranja (1)",
        "action_flag": 3,
        "change_message": ""
    }
},
{
    "model": "admin.logentry",
    "pk": 245,
    "fields": {
        "action_time": "2026-01-22T03:38:06.697Z",
        "user": 1,
        "content_type": 13,
        "object_id": "26",
        "object_repr": "EGRESO - Jugo de manzana (2)",
        "action_flag": 3,
        "change_message": ""
    }
},
{
    "model": "admin.logentry",
    "pk": 246,
    "fields": {
        "action_time": "2026-01-22T03:38:06.697Z",
        "user": 1,
        "content_type": 13,
        "object_id": "25",
        "object_repr": "EGRESO - Aceite de coco (1)",
        "action_flag": 3,
        "change_message": ""
    }
},
{
    "model": "admin.logentry",
    "pk": 247,
    "fields": {
        "action_time": "2026-01-22T03:38:06.697Z",
        "user": 1,
        "content_type": 13,
        "object_id": "24",
        "object_repr": "EGRESO - Franela roja (1)",
        "action_flag": 3,
        "change_message": ""
    }
},
{
    "model": "admin.logentry",
    "pk": 248,
    "fields": {
        "action_time": "2026-01-22T03:38:06.697Z",
        "user": 1,
        "content_type": 13,
        "object_id": "23",
        "object_repr": "EGRESO - Jugo de pera (1)",
        "action_flag": 3,
        "change_message": ""
    }
},
{
    "model": "admin.logentry",
    "pk": 249,
    "fields": {
        "action_time": "2026-01-22T03:38:06.697Z",
        "user": 1,
        "content_type": 13,
        "object_id": "22",
        "object_repr": "EGRESO - Franela negra (1)",
        "action_flag": 3,
        "change_message": ""
    }
},
{
    "model": "admin.logentry",
    "pk": 250,
    "fields": {
        "action_time": "2026-01-22T03:38:06.697Z",
        "user": 1,
        "content_type": 13,
        "object_id": "21",
        "object_repr": "EGRESO - Jugo de naranja (1)",
        "action_flag": 3,
        "change_message": ""
    }
},
{
    "model": "admin.logentry",
    "pk": 251,
    "fields": {
        "action_time": "2026-01-22T03:38:06.697Z",
        "user": 1,
        "content_type": 13,
        "object_id": "20",
        "object_repr": "EGRESO - Aceite de coco (1)",
        "action_flag": 3,
        "change_message": ""
    }
},
{
    "model": "admin.logentry",
    "pk": 252,
    "fields": {
        "action_time": "2026-01-22T03:38:06.697Z",
        "user": 1,
        "content_type": 13,
        "object_id": "19",
        "object_repr": "EGRESO - Jugo de pera (1)",
        "action_flag": 3,
        "change_message": ""
    }
},
{
    "model": "admin.logentry",
    "pk": 253,
    "fields": {
        "action_time": "2026-01-22T03:38:06.697Z",
        "user": 1,
        "content_type": 13,
        "object_id": "18",
        "object_repr": "EGRESO - Franela roja (1)",
        "action_flag": 3,
        "change_message": ""
    }
},
{
    "model": "admin.logentry",
    "pk": 254,
    "fields": {
        "action_time": "2026-01-22T03:38:06.697Z",
        "user": 1,
        "content_type": 13,
        "object_id": "17",
        "object_repr": "EGRESO - Franela negra (1)",
        "action_flag": 3,
        "change_message": ""
    }
},
{
    "model": "admin.logentry",
    "pk": 255,
    "fields": {
        "action_time": "2026-01-22T03:38:06.697Z",
        "user": 1,
        "content_type": 13,
        "object_id": "16",
        "object_repr": "EGRESO - Jugo de pera (1)",
        "action_flag": 3,
        "change_message": ""
    }
},
{
    "model": "admin.logentry",
    "pk": 256,
    "fields": {
        "action_time": "2026-01-22T03:38:06.697Z",
        "user": 1,
        "content_type": 13,
        "object_id": "15",
        "object_repr": "EGRESO - Jugo de manzana (1)",
        "action_flag": 3,
        "change_message": ""
    }
},
{
    "model": "admin.logentry",
    "pk": 257,
    "fields": {
        "action_time": "2026-01-22T03:38:06.697Z",
        "user": 1,
        "content_type": 13,
        "object_id": "14",
        "object_repr": "INGRESO - Franela roja (20)",
        "action_flag": 3,
        "change_message": ""
    }
},
{
    "model": "admin.logentry",
    "pk": 258,
    "fields": {
        "action_time": "2026-01-22T03:38:06.697Z",
        "user": 1,
        "content_type": 13,
        "object_id": "13",
        "object_repr": "INGRESO - Aceite de coco (10)",
        "action_flag": 3,
        "change_message": ""
    }
},
{
    "model": "admin.logentry",
    "pk": 259,
    "fields": {
        "action_time": "2026-01-22T03:38:06.697Z",
        "user": 1,
        "content_type": 13,
        "object_id": "12",
        "object_repr": "INGRESO - Franela roja (5)",
        "action_flag": 3,
        "change_message": ""
    }
},
{
    "model": "admin.logentry",
    "pk": 260,
    "fields": {
        "action_time": "2026-01-22T03:38:06.697Z",
        "user": 1,
        "content_type": 13,
        "object_id": "11",
        "object_repr": "INGRESO - Franela negra (10)",
        "action_flag": 3,
        "change_message": ""
    }
},
{
    "model": "admin.logentry",
    "pk": 261,
    "fields": {
        "action_time": "2026-01-22T03:38:06.697Z",
        "user": 1,
        "content_type": 13,
        "object_id": "10",
        "object_repr": "INGRESO - Jugo de pera (5)",
        "action_flag": 3,
        "change_message": ""
    }
},
{
    "model": "admin.logentry",
    "pk": 262,
    "fields": {
        "action_time": "2026-01-22T03:38:06.697Z",
        "user": 1,
        "content_type": 13,
        "object_id": "9",
        "object_repr": "INGRESO - Jugo de pera (5)",
        "action_flag": 3,
        "change_message": ""
    }
},
{
    "model": "admin.logentry",
    "pk": 263,
    "fields": {
        "action_time": "2026-01-22T03:38:06.697Z",
        "user": 1,
        "content_type": 13,
        "object_id": "8",
        "object_repr": "INGRESO - Jugo de naranja (5)",
        "action_flag": 3,
        "change_message": ""
    }
},
{
    "model": "admin.logentry",
    "pk": 264,
    "fields": {
        "action_time": "2026-01-22T03:38:06.697Z",
        "user": 1,
        "content_type": 13,
        "object_id": "7",
        "object_repr": "INGRESO - Franela negra (5)",
        "action_flag": 3,
        "change_message": ""
    }
},
{
    "model": "admin.logentry",
    "pk": 265,
    "fields": {
        "action_time": "2026-01-22T03:38:06.697Z",
        "user": 1,
        "content_type": 13,
        "object_id": "6",
        "object_repr": "INGRESO - Aceite de coco (10)",
        "action_flag": 3,
        "change_message": ""
    }
},
{
    "model": "admin.logentry",
    "pk": 266,
    "fields": {
        "action_time": "2026-01-22T03:38:06.697Z",
        "user": 1,
        "content_type": 13,
        "object_id": "5",
        "object_repr": "INGRESO - Jugo de manzana (10)",
        "action_flag": 3,
        "change_message": ""
    }
},
{
    "model": "admin.logentry",
    "pk": 267,
    "fields": {
        "action_time": "2026-01-22T03:38:06.697Z",
        "user": 1,
        "content_type": 13,
        "object_id": "4",
        "object_repr": "INGRESO - Jugo de pera (10)",
        "action_flag": 3,
        "change_message": ""
    }
},
{
    "model": "admin.logentry",
    "pk": 268,
    "fields": {
        "action_time": "2026-01-22T03:38:06.697Z",
        "user": 1,
        "content_type": 13,
        "object_id": "3",
        "object_repr": "EGRESO - Jugo de pera (10)",
        "action_flag": 3,
        "change_message": ""
    }
},
{
    "model": "admin.logentry",
    "pk": 269,
    "fields": {
        "action_time": "2026-01-22T03:38:06.697Z",
        "user": 1,
        "content_type": 13,
        "object_id": "2",
        "object_repr": "INGRESO - Jugo de pera (8)",
        "action_flag": 3,
        "change_message": ""
    }
},
{
    "model": "admin.logentry",
    "pk": 270,
    "fields": {
        "action_time": "2026-01-22T03:38:06.697Z",
        "user": 1,
        "content_type": 13,
        "object_id": "1",
        "object_repr": "INGRESO - Jugo de pera (8)",
        "action_flag": 3,
        "change_message": ""
    }
},
{
    "model": "admin.logentry",
    "pk": 271,
    "fields": {
        "action_time": "2026-01-22T03:48:02.459Z",
        "user": 1,
        "content_type": 10,
        "object_id": "54",
        "object_repr": "Preventa #54 - Burguer SHOP",
        "action_flag": 3,
        "change_message": ""
    }
},
{
    "model": "admin.logentry",
    "pk": 272,
    "fields": {
        "action_time": "2026-01-22T03:48:10.750Z",
        "user": 1,
        "content_type": 14,
        "object_id": "41",
        "object_repr": "Despacho 41 - Ruta Maracay Norte",
        "action_flag": 3,
        "change_message": ""
    }
},
{
    "model": "admin.logentry",
    "pk": 273,
    "fields": {
        "action_time": "2026-01-22T13:03:17.389Z",
        "user": 1,
        "content_type": 6,
        "object_id": "4",
        "object_repr": "cesar - Gerencia",
        "action_flag": 3,
        "change_message": ""
    }
},
{
    "model": "admin.logentry",
    "pk": 274,
    "fields": {
        "action_time": "2026-01-22T13:03:17.389Z",
        "user": 1,
        "content_type": 6,
        "object_id": "3",
        "object_repr": "Julio - Gerencia",
        "action_flag": 3,
        "change_message": ""
    }
},
{
    "model": "admin.logentry",
    "pk": 275,
    "fields": {
        "action_time": "2026-01-26T15:03:10.876Z",
        "user": 1,
        "content_type": 12,
        "object_id": "2",
        "object_repr": "Comida - MAYORISTA (10%)",
        "action_flag": 1,
        "change_message": "[{\"added\": {}}]"
    }
},
{
    "model": "admin.logentry",
    "pk": 276,
    "fields": {
        "action_time": "2026-01-27T16:27:57.528Z",
        "user": 1,
        "content_type": 9,
        "object_id": "9",
        "object_repr": "Manzana - Stock: 50",
        "action_flag": 2,
        "change_message": "[{\"changed\": {\"fields\": [\"Is active\"]}}]"
    }
},
{
    "model": "admin.logentry",
    "pk": 277,
    "fields": {
        "action_time": "2026-01-27T16:37:30.842Z",
        "user": 1,
        "content_type": 9,
        "object_id": "10",
        "object_repr": "Dorito - Stock: 50",
        "action_flag": 2,
        "change_message": "[{\"changed\": {\"fields\": [\"Is active\"]}}]"
    }
},
{
    "model": "sessions.session",
    "pk": "48jxd0cdfl003jyqqifdzhditm45tkj1",
    "fields": {
        "session_data": ".eJxVjEsOAiEQBe_C2hA-jdAu3XsG0g0oowaSYWZlvLtOMgvdvqp6LxFpXWpcR5njlMVJaHH43ZjSo7QN5Du1W5ept2WeWG6K3OmQl57L87y7fweVRv3WNiCyVzYoCNpajw5MQIKiDBeFnMFrAKDgHLN26miKVuQTeryyC0m8P5e9Nl4:1vfohm:6nq2-K5fV7iyG4hKZSyX-lWf9dT4MMr6R3yurYk0xyw",
        "expire_date": "2026-01-28T00:25:46.590Z"
    }
},
{
    "model": "sessions.session",
    "pk": "8ds0froijm1j9vdkhhks3o14vbt152zz",
    "fields": {
        "session_data": ".eJxVjEsOAiEQBe_C2hA-jdAu3XsG0g0oowaSYWZlvLtOMgvdvqp6LxFpXWpcR5njlMVJaHH43ZjSo7QN5Du1W5ept2WeWG6K3OmQl57L87y7fweVRv3WNiCyVzYoCNpajw5MQIKiDBeFnMFrAKDgHLN26miKVuQTeryyC0m8P5e9Nl4:1vkNUP:hgYl_zseZHX6p9Wkbfbk15reyr7C9HjxTk8Zqfm_fQE",
        "expire_date": "2026-02-09T14:22:49.120Z"
    }
},
{
    "model": "users.user",
    "pk": 1,
    "fields": {
        "password": "pbkdf2_sha256$1000000$5bf1i8SfofVRS7nK01ELHe$+sehUzXlUTlQlOJ63YZYPuTXrNejVC208yAOAZIyeA0=",
        "last_login": "2026-01-26T14:22:49.107Z",
        "is_superuser": true,
        "username": "eliezer556",
        "first_name": "",
        "last_name": "",
        "is_staff": true,
        "is_active": true,
        "date_joined": "2026-01-14T00:25:19Z",
        "email": "eliezerdma556@gmail.com",
        "role": "GERENCIA",
        "phone": null,
        "base_salary": "1200.00",
        "groups": [],
        "user_permissions": []
    }
},
{
    "model": "users.user",
    "pk": 2,
    "fields": {
        "password": "pbkdf2_sha256$1000000$MRRrOCObeZpgllcTAja11t$2SXqsVvSTetPA8koe0sPldOMfm+YkEfoHo1DfO2x2n8=",
        "last_login": null,
        "is_superuser": false,
        "username": "carlos",
        "first_name": "",
        "last_name": "",
        "is_staff": false,
        "is_active": true,
        "date_joined": "2026-01-14T00:57:05.243Z",
        "email": "carlos@empresa.com",
        "role": "ALMACEN",
        "phone": null,
        "base_salary": "500.00",
        "groups": [],
        "user_permissions": []
    }
},
{
    "model": "users.user",
    "pk": 5,
    "fields": {
        "password": "pbkdf2_sha256$1000000$6HpfccnfBMMGOCW4afyOpV$U6a2UaXbuzfBucjGpxC2R8BfQMrIdfCcra8kJGoqQiw=",
        "last_login": null,
        "is_superuser": false,
        "username": "juan12",
        "first_name": "juan",
        "last_name": "lopez",
        "is_staff": false,
        "is_active": true,
        "date_joined": "2026-01-15T17:42:24.891Z",
        "email": "juan@gmail.com",
        "role": "VENTAS",
        "phone": "999888777",
        "base_salary": "800.00",
        "groups": [],
        "user_permissions": []
    }
},
{
    "model": "users.user",
    "pk": 6,
    "fields": {
        "password": "pbkdf2_sha256$1000000$rntckVdK8f4VnpU8cwTYAW$pqq+fvIlotPMAwSbDyxAQWcFB80aVOeWuOThvCQEk/U=",
        "last_login": null,
        "is_superuser": false,
        "username": "pedro",
        "first_name": "perdro",
        "last_name": "cacho",
        "is_staff": false,
        "is_active": true,
        "date_joined": "2026-01-15T18:12:32.657Z",
        "email": "pedro@gmail.com",
        "role": "VENTAS",
        "phone": "999888777",
        "base_salary": "800.00",
        "groups": [],
        "user_permissions": []
    }
},
{
    "model": "users.user",
    "pk": 7,
    "fields": {
        "password": "pbkdf2_sha256$1000000$9lxZAIaDM2r1Ryl0ocyBp8$Xk9eYQ5bqbmrsYygqkEXxFL/GhOj5Yd9sUwcwj3p93k=",
        "last_login": null,
        "is_superuser": false,
        "username": "jaime15",
        "first_name": "jaime",
        "last_name": "lopez",
        "is_staff": false,
        "is_active": true,
        "date_joined": "2026-01-20T00:38:48.433Z",
        "email": "jaime@gmail.com",
        "role": "ALMACEN",
        "phone": "123123123123",
        "base_salary": "500.00",
        "groups": [],
        "user_permissions": []
    }
},
{
    "model": "users.user",
    "pk": 9,
    "fields": {
        "password": "pbkdf2_sha256$1000000$ESm5y9gcVX16SgBvVNKK0p$uNwfkUlsEqPSkieRJ/fKgMywFUsoEZSfBbjcu6hHtKE=",
        "last_login": null,
        "is_superuser": false,
        "username": "Usuario_Distribuidor",
        "first_name": "Distribuidor",
        "last_name": "Distribuidor",
        "is_staff": false,
        "is_active": true,
        "date_joined": "2026-01-21T00:49:45Z",
        "email": "distribuidor@gmail.com",
        "role": "DISTRIBUCION",
        "phone": "000000000000",
        "base_salary": "400.00",
        "groups": [],
        "user_permissions": []
    }
},
{
    "model": "users.user",
    "pk": 10,
    "fields": {
        "password": "pbkdf2_sha256$1000000$Rql2BssFRm99rVCIlzykSy$dExa/esRNPfOKLvzu/XWhQsUcAPgs+ADmzXzp4gfcvI=",
        "last_login": null,
        "is_superuser": false,
        "username": "Contador_user",
        "first_name": "contador",
        "last_name": "contador",
        "is_staff": false,
        "is_active": true,
        "date_joined": "2026-01-22T01:21:33.110Z",
        "email": "contador@gmail.com",
        "role": "CONTABILIDAD",
        "phone": "999888776655",
        "base_salary": "800.00",
        "groups": [],
        "user_permissions": []
    }
},
{
    "model": "users.user",
    "pk": 11,
    "fields": {
        "password": "pbkdf2_sha256$1000000$ppaQ1BlhAtfkP4dyuZAcN4$HRwhZTKyZZOkfLjlz/JevUM/ixcDd9j0/cJMapKkQDc=",
        "last_login": null,
        "is_superuser": false,
        "username": "Luca12",
        "first_name": "lucas",
        "last_name": "lopez",
        "is_staff": false,
        "is_active": true,
        "date_joined": "2026-01-27T14:17:32.201Z",
        "email": "lucas@gmail.com",
        "role": "DISTRIBUCION",
        "phone": "99888776655",
        "base_salary": "0.00",
        "groups": [],
        "user_permissions": []
    }
},
{
    "model": "sales.client",
    "pk": 1,
    "fields": {
        "seller": 6,
        "business_name": "Polar",
        "owner_name": "Oscar",
        "rif_cedula": "444333",
        "email": "polar@gmail.com",
        "phone": "999888777",
        "address": "Calle el saman",
        "business_image": "clients/business_pics/polar_img.webp",
        "is_active": true,
        "created_at": "2026-01-15T20:40:44.797Z"
    }
},
{
    "model": "sales.client",
    "pk": 2,
    "fields": {
        "seller": 6,
        "business_name": "Apple",
        "owner_name": "Steve jobs",
        "rif_cedula": "333-1",
        "email": "apple@gmail.com",
        "phone": "9988877",
        "address": "New york city",
        "business_image": "",
        "is_active": true,
        "created_at": "2026-01-15T20:44:41.693Z"
    }
},
{
    "model": "sales.client",
    "pk": 3,
    "fields": {
        "seller": 6,
        "business_name": "Locatel",
        "owner_name": "Jose Lopez",
        "rif_cedula": "44-555",
        "email": "locatel@gmail.com",
        "phone": "888666555",
        "address": "Urbanizacion el centro",
        "business_image": "clients/business_pics/locatel_img.jpg",
        "is_active": false,
        "created_at": "2026-01-15T21:26:56.139Z"
    }
},
{
    "model": "sales.client",
    "pk": 4,
    "fields": {
        "seller": 5,
        "business_name": "Burguer SHOP",
        "owner_name": "Carlos Castro",
        "rif_cedula": "N-66677788",
        "email": "burguershop@gmail.com",
        "phone": "+58999888777",
        "address": "Calle el saman",
        "business_image": "clients/business_pics/tienda2_img.webp",
        "is_active": false,
        "created_at": "2026-01-18T20:12:25.689Z"
    }
},
{
    "model": "sales.client",
    "pk": 5,
    "fields": {
        "seller": 1,
        "business_name": "Sojar",
        "owner_name": "Luis",
        "rif_cedula": "123123123",
        "email": "",
        "phone": "123123123",
        "address": "Calle sucre",
        "business_image": "clients/business_pics/img_tienda1.webp",
        "is_active": false,
        "created_at": "2026-01-28T03:31:01.517Z"
    }
},
{
    "model": "sales.presale",
    "pk": 55,
    "fields": {
        "seller": 5,
        "client": 4,
        "has_pending_returns": false,
        "sale_type": "HORIZONTAL",
        "distributor": null,
        "status": "CONFIRMADO",
        "total_amount": "12.00",
        "created_at": "2026-01-22T03:48:34.826Z",
        "scheduled_date": null,
        "reprogram_reason": null
    }
},
{
    "model": "sales.presale",
    "pk": 56,
    "fields": {
        "seller": 5,
        "client": 4,
        "has_pending_returns": false,
        "sale_type": "HORIZONTAL",
        "distributor": null,
        "status": "CONFIRMADO",
        "total_amount": "5.00",
        "created_at": "2026-01-22T14:31:37.837Z",
        "scheduled_date": null,
        "reprogram_reason": null
    }
},
{
    "model": "sales.presale",
    "pk": 57,
    "fields": {
        "seller": 5,
        "client": 4,
        "has_pending_returns": false,
        "sale_type": "HORIZONTAL",
        "distributor": null,
        "status": "CONFIRMADO",
        "total_amount": "55.00",
        "created_at": "2026-01-22T16:32:36.335Z",
        "scheduled_date": null,
        "reprogram_reason": null
    }
},
{
    "model": "sales.presale",
    "pk": 58,
    "fields": {
        "seller": 5,
        "client": 4,
        "has_pending_returns": true,
        "sale_type": "HORIZONTAL",
        "distributor": null,
        "status": "CONFIRMADO",
        "total_amount": "16.00",
        "created_at": "2026-01-22T16:39:58.604Z",
        "scheduled_date": null,
        "reprogram_reason": null
    }
},
{
    "model": "sales.presale",
    "pk": 59,
    "fields": {
        "seller": 5,
        "client": 4,
        "has_pending_returns": false,
        "sale_type": "HORIZONTAL",
        "distributor": null,
        "status": "CONFIRMADO",
        "total_amount": "5.00",
        "created_at": "2026-01-22T17:48:06.752Z",
        "scheduled_date": null,
        "reprogram_reason": null
    }
},
{
    "model": "sales.presale",
    "pk": 60,
    "fields": {
        "seller": 5,
        "client": 4,
        "has_pending_returns": false,
        "sale_type": "HORIZONTAL",
        "distributor": null,
        "status": "CONFIRMADO",
        "total_amount": "30.00",
        "created_at": "2026-01-22T17:54:17.884Z",
        "scheduled_date": null,
        "reprogram_reason": null
    }
},
{
    "model": "sales.presale",
    "pk": 61,
    "fields": {
        "seller": 5,
        "client": 4,
        "has_pending_returns": false,
        "sale_type": "HORIZONTAL",
        "distributor": null,
        "status": "CANCELADO",
        "total_amount": "30.00",
        "created_at": "2026-01-22T18:12:07.696Z",
        "scheduled_date": null,
        "reprogram_reason": null
    }
},
{
    "model": "sales.presale",
    "pk": 62,
    "fields": {
        "seller": 5,
        "client": 4,
        "has_pending_returns": false,
        "sale_type": "HORIZONTAL",
        "distributor": 9,
        "status": "CONFIRMADO",
        "total_amount": "4.00",
        "created_at": "2026-01-22T22:05:36.856Z",
        "scheduled_date": null,
        "reprogram_reason": null
    }
},
{
    "model": "sales.presale",
    "pk": 63,
    "fields": {
        "seller": 5,
        "client": 4,
        "has_pending_returns": false,
        "sale_type": "HORIZONTAL",
        "distributor": 9,
        "status": "CONFIRMADO",
        "total_amount": "5.00",
        "created_at": "2026-01-22T22:07:00.503Z",
        "scheduled_date": null,
        "reprogram_reason": null
    }
},
{
    "model": "sales.presale",
    "pk": 64,
    "fields": {
        "seller": 5,
        "client": 4,
        "has_pending_returns": true,
        "sale_type": "HORIZONTAL",
        "distributor": 9,
        "status": "CONFIRMADO",
        "total_amount": "25.00",
        "created_at": "2026-01-22T23:56:38.750Z",
        "scheduled_date": null,
        "reprogram_reason": null
    }
},
{
    "model": "sales.presale",
    "pk": 65,
    "fields": {
        "seller": 1,
        "client": 4,
        "has_pending_returns": false,
        "sale_type": "MAYORISTA",
        "distributor": 9,
        "status": "CONFIRMADO",
        "total_amount": "30.00",
        "created_at": "2026-01-26T15:00:25.385Z",
        "scheduled_date": null,
        "reprogram_reason": null
    }
},
{
    "model": "sales.presale",
    "pk": 66,
    "fields": {
        "seller": 1,
        "client": 4,
        "has_pending_returns": false,
        "sale_type": "HORIZONTAL",
        "distributor": 9,
        "status": "CONFIRMADO",
        "total_amount": "5.00",
        "created_at": "2026-01-26T15:01:28.105Z",
        "scheduled_date": null,
        "reprogram_reason": null
    }
},
{
    "model": "sales.presale",
    "pk": 67,
    "fields": {
        "seller": 1,
        "client": 4,
        "has_pending_returns": true,
        "sale_type": "HORIZONTAL",
        "distributor": 9,
        "status": "CANCELADO",
        "total_amount": "5.50",
        "created_at": "2026-01-27T13:53:22.164Z",
        "scheduled_date": null,
        "reprogram_reason": null
    }
},
{
    "model": "sales.presale",
    "pk": 68,
    "fields": {
        "seller": 1,
        "client": 4,
        "has_pending_returns": false,
        "sale_type": "HORIZONTAL",
        "distributor": 11,
        "status": "CONFIRMADO",
        "total_amount": "5.50",
        "created_at": "2026-01-27T14:17:56.843Z",
        "scheduled_date": null,
        "reprogram_reason": null
    }
},
{
    "model": "sales.presale",
    "pk": 69,
    "fields": {
        "seller": 1,
        "client": 4,
        "has_pending_returns": false,
        "sale_type": "HORIZONTAL",
        "distributor": 11,
        "status": "CONFIRMADO",
        "total_amount": "27.50",
        "created_at": "2026-01-27T14:18:31.380Z",
        "scheduled_date": null,
        "reprogram_reason": null
    }
},
{
    "model": "sales.presale",
    "pk": 70,
    "fields": {
        "seller": 1,
        "client": 4,
        "has_pending_returns": false,
        "sale_type": "HORIZONTAL",
        "distributor": 11,
        "status": "CONFIRMADO",
        "total_amount": "71.50",
        "created_at": "2026-01-27T15:02:57.495Z",
        "scheduled_date": null,
        "reprogram_reason": null
    }
},
{
    "model": "sales.presale",
    "pk": 71,
    "fields": {
        "seller": 1,
        "client": 3,
        "has_pending_returns": false,
        "sale_type": "HORIZONTAL",
        "distributor": 11,
        "status": "CONFIRMADO",
        "total_amount": "12.00",
        "created_at": "2026-01-27T15:08:51.979Z",
        "scheduled_date": null,
        "reprogram_reason": null
    }
},
{
    "model": "sales.presale",
    "pk": 72,
    "fields": {
        "seller": 1,
        "client": 4,
        "has_pending_returns": true,
        "sale_type": "HORIZONTAL",
        "distributor": 11,
        "status": "CONFIRMADO",
        "total_amount": "26.30",
        "created_at": "2026-01-27T15:17:04.171Z",
        "scheduled_date": null,
        "reprogram_reason": null
    }
},
{
    "model": "sales.presale",
    "pk": 73,
    "fields": {
        "seller": 1,
        "client": 4,
        "has_pending_returns": false,
        "sale_type": "HORIZONTAL",
        "distributor": 11,
        "status": "CONFIRMADO",
        "total_amount": "15.30",
        "created_at": "2026-01-27T15:17:14.499Z",
        "scheduled_date": null,
        "reprogram_reason": null
    }
},
{
    "model": "sales.presale",
    "pk": 74,
    "fields": {
        "seller": 1,
        "client": 4,
        "has_pending_returns": false,
        "sale_type": "HORIZONTAL",
        "distributor": 9,
        "status": "CONFIRMADO",
        "total_amount": "16.40",
        "created_at": "2026-01-27T15:17:37.279Z",
        "scheduled_date": null,
        "reprogram_reason": null
    }
},
{
    "model": "sales.presale",
    "pk": 75,
    "fields": {
        "seller": 1,
        "client": 4,
        "has_pending_returns": false,
        "sale_type": "HORIZONTAL",
        "distributor": 9,
        "status": "CONFIRMADO",
        "total_amount": "3.30",
        "created_at": "2026-01-27T15:17:45.079Z",
        "scheduled_date": null,
        "reprogram_reason": null
    }
},
{
    "model": "sales.presale",
    "pk": 76,
    "fields": {
        "seller": 1,
        "client": 4,
        "has_pending_returns": true,
        "sale_type": "HORIZONTAL",
        "distributor": 9,
        "status": "CANCELADO",
        "total_amount": "16.50",
        "created_at": "2026-01-27T15:52:41.225Z",
        "scheduled_date": null,
        "reprogram_reason": null
    }
},
{
    "model": "sales.presale",
    "pk": 77,
    "fields": {
        "seller": 1,
        "client": 4,
        "has_pending_returns": false,
        "sale_type": "HORIZONTAL",
        "distributor": 9,
        "status": "CONFIRMADO",
        "total_amount": "66.00",
        "created_at": "2026-01-27T15:52:50.742Z",
        "scheduled_date": null,
        "reprogram_reason": null
    }
},
{
    "model": "sales.presale",
    "pk": 78,
    "fields": {
        "seller": 5,
        "client": 4,
        "has_pending_returns": false,
        "sale_type": "HORIZONTAL",
        "distributor": 11,
        "status": "CONFIRMADO",
        "total_amount": "16.40",
        "created_at": "2026-01-27T16:25:34.934Z",
        "scheduled_date": null,
        "reprogram_reason": null
    }
},
{
    "model": "sales.presale",
    "pk": 79,
    "fields": {
        "seller": 5,
        "client": 4,
        "has_pending_returns": false,
        "sale_type": "HORIZONTAL",
        "distributor": 9,
        "status": "CONFIRMADO",
        "total_amount": "51.30",
        "created_at": "2026-01-27T16:25:47.997Z",
        "scheduled_date": null,
        "reprogram_reason": null
    }
},
{
    "model": "sales.presale",
    "pk": 80,
    "fields": {
        "seller": 1,
        "client": 2,
        "has_pending_returns": false,
        "sale_type": "HORIZONTAL",
        "distributor": 11,
        "status": "CONFIRMADO",
        "total_amount": "20.00",
        "created_at": "2026-01-27T20:57:19.046Z",
        "scheduled_date": null,
        "reprogram_reason": null
    }
},
{
    "model": "sales.presale",
    "pk": 81,
    "fields": {
        "seller": 5,
        "client": 4,
        "has_pending_returns": false,
        "sale_type": "HORIZONTAL",
        "distributor": 11,
        "status": "CONFIRMADO",
        "total_amount": "56.60",
        "created_at": "2026-01-27T21:42:32.233Z",
        "scheduled_date": null,
        "reprogram_reason": null
    }
},
{
    "model": "sales.presale",
    "pk": 82,
    "fields": {
        "seller": 1,
        "client": 4,
        "has_pending_returns": false,
        "sale_type": "HORIZONTAL",
        "distributor": 9,
        "status": "CONFIRMADO",
        "total_amount": "33.30",
        "created_at": "2026-01-28T03:08:07.197Z",
        "scheduled_date": null,
        "reprogram_reason": null
    }
},
{
    "model": "sales.presale",
    "pk": 83,
    "fields": {
        "seller": 1,
        "client": 4,
        "has_pending_returns": false,
        "sale_type": "HORIZONTAL",
        "distributor": 9,
        "status": "ASIGNADO",
        "total_amount": "45.30",
        "created_at": "2026-01-28T03:30:06.718Z",
        "scheduled_date": null,
        "reprogram_reason": null
    }
},
{
    "model": "sales.presale",
    "pk": 84,
    "fields": {
        "seller": 5,
        "client": 4,
        "has_pending_returns": false,
        "sale_type": "HORIZONTAL",
        "distributor": 11,
        "status": "CONFIRMADO",
        "total_amount": "30.00",
        "created_at": "2026-01-28T16:16:38.291Z",
        "scheduled_date": null,
        "reprogram_reason": null
    }
},
{
    "model": "sales.presaleitem",
    "pk": 152,
    "fields": {
        "pre_sale": 55,
        "returned_quantity": 0,
        "product": 2,
        "quantity": 1,
        "price_at_sale": "12.00",
        "subtotal": "12.00"
    }
},
{
    "model": "sales.presaleitem",
    "pk": 153,
    "fields": {
        "pre_sale": 56,
        "returned_quantity": 0,
        "product": 5,
        "quantity": 1,
        "price_at_sale": "5.00",
        "subtotal": "5.00"
    }
},
{
    "model": "sales.presaleitem",
    "pk": 154,
    "fields": {
        "pre_sale": 57,
        "returned_quantity": 0,
        "product": 8,
        "quantity": 1,
        "price_at_sale": "30.00",
        "subtotal": "30.00"
    }
},
{
    "model": "sales.presaleitem",
    "pk": 155,
    "fields": {
        "pre_sale": 57,
        "returned_quantity": 0,
        "product": 6,
        "quantity": 1,
        "price_at_sale": "10.00",
        "subtotal": "10.00"
    }
},
{
    "model": "sales.presaleitem",
    "pk": 156,
    "fields": {
        "pre_sale": 57,
        "returned_quantity": 0,
        "product": 3,
        "quantity": 1,
        "price_at_sale": "15.00",
        "subtotal": "15.00"
    }
},
{
    "model": "sales.presaleitem",
    "pk": 157,
    "fields": {
        "pre_sale": 58,
        "returned_quantity": 1,
        "product": 4,
        "quantity": 1,
        "price_at_sale": "4.00",
        "subtotal": "4.00"
    }
},
{
    "model": "sales.presaleitem",
    "pk": 158,
    "fields": {
        "pre_sale": 58,
        "returned_quantity": 0,
        "product": 2,
        "quantity": 1,
        "price_at_sale": "12.00",
        "subtotal": "12.00"
    }
},
{
    "model": "sales.presaleitem",
    "pk": 159,
    "fields": {
        "pre_sale": 59,
        "returned_quantity": 0,
        "product": 5,
        "quantity": 1,
        "price_at_sale": "5.00",
        "subtotal": "5.00"
    }
},
{
    "model": "sales.presaleitem",
    "pk": 160,
    "fields": {
        "pre_sale": 60,
        "returned_quantity": 0,
        "product": 8,
        "quantity": 1,
        "price_at_sale": "30.00",
        "subtotal": "30.00"
    }
},
{
    "model": "sales.presaleitem",
    "pk": 161,
    "fields": {
        "pre_sale": 61,
        "returned_quantity": 0,
        "product": 5,
        "quantity": 6,
        "price_at_sale": "5.00",
        "subtotal": "30.00"
    }
},
{
    "model": "sales.presaleitem",
    "pk": 162,
    "fields": {
        "pre_sale": 62,
        "returned_quantity": 0,
        "product": 4,
        "quantity": 1,
        "price_at_sale": "4.00",
        "subtotal": "4.00"
    }
},
{
    "model": "sales.presaleitem",
    "pk": 163,
    "fields": {
        "pre_sale": 63,
        "returned_quantity": 0,
        "product": 5,
        "quantity": 1,
        "price_at_sale": "5.00",
        "subtotal": "5.00"
    }
},
{
    "model": "sales.presaleitem",
    "pk": 164,
    "fields": {
        "pre_sale": 64,
        "returned_quantity": 1,
        "product": 6,
        "quantity": 1,
        "price_at_sale": "10.00",
        "subtotal": "10.00"
    }
},
{
    "model": "sales.presaleitem",
    "pk": 165,
    "fields": {
        "pre_sale": 64,
        "returned_quantity": 0,
        "product": 3,
        "quantity": 1,
        "price_at_sale": "15.00",
        "subtotal": "15.00"
    }
},
{
    "model": "sales.presaleitem",
    "pk": 166,
    "fields": {
        "pre_sale": 65,
        "returned_quantity": 0,
        "product": 8,
        "quantity": 1,
        "price_at_sale": "30.00",
        "subtotal": "30.00"
    }
},
{
    "model": "sales.presaleitem",
    "pk": 167,
    "fields": {
        "pre_sale": 66,
        "returned_quantity": 0,
        "product": 5,
        "quantity": 1,
        "price_at_sale": "5.00",
        "subtotal": "5.00"
    }
},
{
    "model": "sales.presaleitem",
    "pk": 168,
    "fields": {
        "pre_sale": 67,
        "returned_quantity": 0,
        "product": 5,
        "quantity": 1,
        "price_at_sale": "5.50",
        "subtotal": "5.50"
    }
},
{
    "model": "sales.presaleitem",
    "pk": 169,
    "fields": {
        "pre_sale": 68,
        "returned_quantity": 0,
        "product": 5,
        "quantity": 1,
        "price_at_sale": "5.50",
        "subtotal": "5.50"
    }
},
{
    "model": "sales.presaleitem",
    "pk": 170,
    "fields": {
        "pre_sale": 69,
        "returned_quantity": 0,
        "product": 6,
        "quantity": 1,
        "price_at_sale": "11.00",
        "subtotal": "11.00"
    }
},
{
    "model": "sales.presaleitem",
    "pk": 171,
    "fields": {
        "pre_sale": 69,
        "returned_quantity": 0,
        "product": 3,
        "quantity": 1,
        "price_at_sale": "16.50",
        "subtotal": "16.50"
    }
},
{
    "model": "sales.presaleitem",
    "pk": 172,
    "fields": {
        "pre_sale": 70,
        "returned_quantity": 0,
        "product": 3,
        "quantity": 1,
        "price_at_sale": "16.50",
        "subtotal": "16.50"
    }
},
{
    "model": "sales.presaleitem",
    "pk": 173,
    "fields": {
        "pre_sale": 70,
        "returned_quantity": 0,
        "product": 6,
        "quantity": 5,
        "price_at_sale": "11.00",
        "subtotal": "55.00"
    }
},
{
    "model": "sales.presaleitem",
    "pk": 174,
    "fields": {
        "pre_sale": 71,
        "returned_quantity": 0,
        "product": 2,
        "quantity": 1,
        "price_at_sale": "12.00",
        "subtotal": "12.00"
    }
},
{
    "model": "sales.presaleitem",
    "pk": 175,
    "fields": {
        "pre_sale": 72,
        "returned_quantity": 1,
        "product": 7,
        "quantity": 1,
        "price_at_sale": "3.30",
        "subtotal": "3.30"
    }
},
{
    "model": "sales.presaleitem",
    "pk": 176,
    "fields": {
        "pre_sale": 72,
        "returned_quantity": 0,
        "product": 2,
        "quantity": 1,
        "price_at_sale": "12.00",
        "subtotal": "12.00"
    }
},
{
    "model": "sales.presaleitem",
    "pk": 177,
    "fields": {
        "pre_sale": 72,
        "returned_quantity": 0,
        "product": 6,
        "quantity": 1,
        "price_at_sale": "11.00",
        "subtotal": "11.00"
    }
},
{
    "model": "sales.presaleitem",
    "pk": 178,
    "fields": {
        "pre_sale": 73,
        "returned_quantity": 0,
        "product": 7,
        "quantity": 1,
        "price_at_sale": "3.30",
        "subtotal": "3.30"
    }
},
{
    "model": "sales.presaleitem",
    "pk": 179,
    "fields": {
        "pre_sale": 73,
        "returned_quantity": 0,
        "product": 2,
        "quantity": 1,
        "price_at_sale": "12.00",
        "subtotal": "12.00"
    }
},
{
    "model": "sales.presaleitem",
    "pk": 180,
    "fields": {
        "pre_sale": 74,
        "returned_quantity": 0,
        "product": 4,
        "quantity": 1,
        "price_at_sale": "4.40",
        "subtotal": "4.40"
    }
},
{
    "model": "sales.presaleitem",
    "pk": 181,
    "fields": {
        "pre_sale": 74,
        "returned_quantity": 0,
        "product": 1,
        "quantity": 1,
        "price_at_sale": "12.00",
        "subtotal": "12.00"
    }
},
{
    "model": "sales.presaleitem",
    "pk": 182,
    "fields": {
        "pre_sale": 75,
        "returned_quantity": 0,
        "product": 7,
        "quantity": 1,
        "price_at_sale": "3.30",
        "subtotal": "3.30"
    }
},
{
    "model": "sales.presaleitem",
    "pk": 183,
    "fields": {
        "pre_sale": 76,
        "returned_quantity": 0,
        "product": 6,
        "quantity": 1,
        "price_at_sale": "11.00",
        "subtotal": "11.00"
    }
},
{
    "model": "sales.presaleitem",
    "pk": 184,
    "fields": {
        "pre_sale": 76,
        "returned_quantity": 0,
        "product": 5,
        "quantity": 1,
        "price_at_sale": "5.50",
        "subtotal": "5.50"
    }
},
{
    "model": "sales.presaleitem",
    "pk": 185,
    "fields": {
        "pre_sale": 77,
        "returned_quantity": 0,
        "product": 6,
        "quantity": 6,
        "price_at_sale": "11.00",
        "subtotal": "66.00"
    }
},
{
    "model": "sales.presaleitem",
    "pk": 186,
    "fields": {
        "pre_sale": 78,
        "returned_quantity": 0,
        "product": 2,
        "quantity": 1,
        "price_at_sale": "12.00",
        "subtotal": "12.00"
    }
},
{
    "model": "sales.presaleitem",
    "pk": 187,
    "fields": {
        "pre_sale": 78,
        "returned_quantity": 0,
        "product": 4,
        "quantity": 1,
        "price_at_sale": "4.40",
        "subtotal": "4.40"
    }
},
{
    "model": "sales.presaleitem",
    "pk": 188,
    "fields": {
        "pre_sale": 79,
        "returned_quantity": 0,
        "product": 7,
        "quantity": 1,
        "price_at_sale": "3.30",
        "subtotal": "3.30"
    }
},
{
    "model": "sales.presaleitem",
    "pk": 189,
    "fields": {
        "pre_sale": 79,
        "returned_quantity": 0,
        "product": 1,
        "quantity": 4,
        "price_at_sale": "12.00",
        "subtotal": "48.00"
    }
},
{
    "model": "sales.presaleitem",
    "pk": 190,
    "fields": {
        "pre_sale": 80,
        "returned_quantity": 0,
        "product": 13,
        "quantity": 1,
        "price_at_sale": "20.00",
        "subtotal": "20.00"
    }
},
{
    "model": "sales.presaleitem",
    "pk": 191,
    "fields": {
        "pre_sale": 81,
        "returned_quantity": 0,
        "product": 7,
        "quantity": 1,
        "price_at_sale": "3.30",
        "subtotal": "3.30"
    }
},
{
    "model": "sales.presaleitem",
    "pk": 192,
    "fields": {
        "pre_sale": 81,
        "returned_quantity": 0,
        "product": 13,
        "quantity": 1,
        "price_at_sale": "20.00",
        "subtotal": "20.00"
    }
},
{
    "model": "sales.presaleitem",
    "pk": 193,
    "fields": {
        "pre_sale": 81,
        "returned_quantity": 0,
        "product": 4,
        "quantity": 1,
        "price_at_sale": "3.30",
        "subtotal": "3.30"
    }
},
{
    "model": "sales.presaleitem",
    "pk": 194,
    "fields": {
        "pre_sale": 81,
        "returned_quantity": 0,
        "product": 8,
        "quantity": 1,
        "price_at_sale": "30.00",
        "subtotal": "30.00"
    }
},
{
    "model": "sales.presaleitem",
    "pk": 195,
    "fields": {
        "pre_sale": 82,
        "returned_quantity": 0,
        "product": 4,
        "quantity": 1,
        "price_at_sale": "3.30",
        "subtotal": "3.30"
    }
},
{
    "model": "sales.presaleitem",
    "pk": 196,
    "fields": {
        "pre_sale": 82,
        "returned_quantity": 0,
        "product": 8,
        "quantity": 1,
        "price_at_sale": "30.00",
        "subtotal": "30.00"
    }
},
{
    "model": "sales.presaleitem",
    "pk": 197,
    "fields": {
        "pre_sale": 83,
        "returned_quantity": 0,
        "product": 8,
        "quantity": 1,
        "price_at_sale": "30.00",
        "subtotal": "30.00"
    }
},
{
    "model": "sales.presaleitem",
    "pk": 198,
    "fields": {
        "pre_sale": 83,
        "returned_quantity": 0,
        "product": 4,
        "quantity": 1,
        "price_at_sale": "3.30",
        "subtotal": "3.30"
    }
},
{
    "model": "sales.presaleitem",
    "pk": 199,
    "fields": {
        "pre_sale": 83,
        "returned_quantity": 0,
        "product": 2,
        "quantity": 1,
        "price_at_sale": "12.00",
        "subtotal": "12.00"
    }
},
{
    "model": "sales.presaleitem",
    "pk": 200,
    "fields": {
        "pre_sale": 84,
        "returned_quantity": 0,
        "product": 8,
        "quantity": 1,
        "price_at_sale": "30.00",
        "subtotal": "30.00"
    }
},
{
    "model": "inventory.category",
    "pk": 1,
    "fields": {
        "name": "Ropa"
    }
},
{
    "model": "inventory.category",
    "pk": 2,
    "fields": {
        "name": "Comida"
    }
},
{
    "model": "inventory.category",
    "pk": 3,
    "fields": {
        "name": "muebles"
    }
},
{
    "model": "inventory.category",
    "pk": 4,
    "fields": {
        "name": "utensilios"
    }
},
{
    "model": "inventory.category",
    "pk": 5,
    "fields": {
        "name": "Calzado"
    }
},
{
    "model": "inventory.product",
    "pk": 1,
    "fields": {
        "category": 1,
        "name": "Franela negra",
        "description": "",
        "purchase_price": "10.00",
        "price_horizontal": "0.00",
        "price_mayorista": "0.00",
        "price_moderno": "0.00",
        "stock_reserved": 0,
        "stock": 45,
        "stock_min": 5,
        "product_image": "products/franela_1.jpg",
        "is_active": true,
        "created_at": "2026-01-18T00:54:28.691Z"
    }
},
{
    "model": "inventory.product",
    "pk": 2,
    "fields": {
        "category": 1,
        "name": "Franela roja",
        "description": "franela roja de tela de algodon",
        "purchase_price": "10.00",
        "price_horizontal": "18.00",
        "price_mayorista": "15.00",
        "price_moderno": "16.00",
        "stock_reserved": 0,
        "stock": 5,
        "stock_min": 5,
        "product_image": "products/franela_2.webp",
        "is_active": true,
        "created_at": "2026-01-18T02:51:29.876Z"
    }
},
{
    "model": "inventory.product",
    "pk": 3,
    "fields": {
        "category": 2,
        "name": "Aceite de coco",
        "description": "",
        "purchase_price": "15.00",
        "price_horizontal": "0.00",
        "price_mayorista": "0.00",
        "price_moderno": "0.00",
        "stock_reserved": 0,
        "stock": 100,
        "stock_min": 5,
        "product_image": "products/aceite_coco.avif",
        "is_active": true,
        "created_at": "2026-01-18T02:53:14.154Z"
    }
},
{
    "model": "inventory.product",
    "pk": 4,
    "fields": {
        "category": 2,
        "name": "Jugo de naranja",
        "description": "",
        "purchase_price": "3.00",
        "price_horizontal": "5.00",
        "price_mayorista": "3.50",
        "price_moderno": "4.00",
        "stock_reserved": 0,
        "stock": 15,
        "stock_min": 5,
        "product_image": "products/jugo_1.jpg",
        "is_active": true,
        "created_at": "2026-01-20T01:00:46.627Z"
    }
},
{
    "model": "inventory.product",
    "pk": 5,
    "fields": {
        "category": 2,
        "name": "Jugo de pera",
        "description": "",
        "purchase_price": "5.00",
        "price_horizontal": "0.00",
        "price_mayorista": "0.00",
        "price_moderno": "0.00",
        "stock_reserved": 0,
        "stock": 51,
        "stock_min": 5,
        "product_image": "products/jugo_2.jpg",
        "is_active": true,
        "created_at": "2026-01-20T01:04:01.962Z"
    }
},
{
    "model": "inventory.product",
    "pk": 6,
    "fields": {
        "category": 2,
        "name": "Jugo de pera",
        "description": "Jugo de pera natural",
        "purchase_price": "10.00",
        "price_horizontal": "0.00",
        "price_mayorista": "0.00",
        "price_moderno": "0.00",
        "stock_reserved": 0,
        "stock": 7,
        "stock_min": 5,
        "product_image": "products/jugo_2_ioTaX6N.jpg",
        "is_active": true,
        "created_at": "2026-01-20T01:09:13.266Z"
    }
},
{
    "model": "inventory.product",
    "pk": 7,
    "fields": {
        "category": 2,
        "name": "Jugo de manzana",
        "description": "Jugo de manzana natural",
        "purchase_price": "3.00",
        "price_horizontal": "15.00",
        "price_mayorista": "12.00",
        "price_moderno": "13.50",
        "stock_reserved": 0,
        "stock": 45,
        "stock_min": 5,
        "product_image": "products/jugo_3.jpg",
        "is_active": true,
        "created_at": "2026-01-20T01:31:05.498Z"
    }
},
{
    "model": "inventory.product",
    "pk": 8,
    "fields": {
        "category": 3,
        "name": "Mueble marron",
        "description": "mueble marron para casas modernas",
        "purchase_price": "30.00",
        "price_horizontal": "45.00",
        "price_mayorista": "35.00",
        "price_moderno": "38.00",
        "stock_reserved": 0,
        "stock": 10,
        "stock_min": 5,
        "product_image": "products/mueble.webp",
        "is_active": true,
        "created_at": "2026-01-21T22:53:50.494Z"
    }
},
{
    "model": "inventory.product",
    "pk": 9,
    "fields": {
        "category": 1,
        "name": "Manzana",
        "description": "manzana roja",
        "purchase_price": "0.50",
        "price_horizontal": "0.00",
        "price_mayorista": "0.00",
        "price_moderno": "0.00",
        "stock_reserved": 0,
        "stock": 50,
        "stock_min": 5,
        "product_image": "",
        "is_active": true,
        "created_at": "2026-01-27T16:27:05.952Z"
    }
},
{
    "model": "inventory.product",
    "pk": 10,
    "fields": {
        "category": 2,
        "name": "Dorito",
        "description": "doritos",
        "purchase_price": "2.00",
        "price_horizontal": "0.00",
        "price_mayorista": "0.00",
        "price_moderno": "0.00",
        "stock_reserved": 0,
        "stock": 50,
        "stock_min": 5,
        "product_image": "products/dorito.jpg",
        "is_active": true,
        "created_at": "2026-01-27T16:28:37.303Z"
    }
},
{
    "model": "inventory.product",
    "pk": 11,
    "fields": {
        "category": 2,
        "name": "Pan",
        "description": "Pan de trigo",
        "purchase_price": "5.00",
        "price_horizontal": "0.00",
        "price_mayorista": "0.00",
        "price_moderno": "0.00",
        "stock_reserved": 0,
        "stock": 100,
        "stock_min": 5,
        "product_image": "",
        "is_active": true,
        "created_at": "2026-01-27T16:30:54.985Z"
    }
},
{
    "model": "inventory.product",
    "pk": 12,
    "fields": {
        "category": 4,
        "name": "lapiz hb",
        "description": "lapiz de escribir",
        "purchase_price": "2.00",
        "price_horizontal": "0.00",
        "price_mayorista": "0.00",
        "price_moderno": "0.00",
        "stock_reserved": 0,
        "stock": 100,
        "stock_min": 5,
        "product_image": "",
        "is_active": true,
        "created_at": "2026-01-27T16:55:34.426Z"
    }
},
{
    "model": "inventory.product",
    "pk": 13,
    "fields": {
        "category": 5,
        "name": "Zapatos azules",
        "description": "zapatos de color azul",
        "purchase_price": "20.00",
        "price_horizontal": "28.00",
        "price_mayorista": "25.00",
        "price_moderno": "26.00",
        "stock_reserved": 0,
        "stock": 98,
        "stock_min": 5,
        "product_image": "products/zapatos.webp",
        "is_active": true,
        "created_at": "2026-01-27T20:55:05.505Z"
    }
},
{
    "model": "inventory.inventorymovement",
    "pk": 149,
    "fields": {
        "product": 2,
        "type": "EGRESO",
        "quantity": 1,
        "reason": "Preventa #55 - Cliente: Burguer SHOP",
        "user": 5,
        "created_at": "2026-01-22T03:48:34.843Z"
    }
},
{
    "model": "inventory.inventorymovement",
    "pk": 150,
    "fields": {
        "product": 5,
        "type": "EGRESO",
        "quantity": 1,
        "reason": "Preventa #56 - Cliente: Burguer SHOP",
        "user": 5,
        "created_at": "2026-01-22T14:31:37.850Z"
    }
},
{
    "model": "inventory.inventorymovement",
    "pk": 151,
    "fields": {
        "product": 8,
        "type": "EGRESO",
        "quantity": 1,
        "reason": "Preventa #57 - Cliente: Burguer SHOP",
        "user": 5,
        "created_at": "2026-01-22T16:32:36.356Z"
    }
},
{
    "model": "inventory.inventorymovement",
    "pk": 152,
    "fields": {
        "product": 6,
        "type": "EGRESO",
        "quantity": 1,
        "reason": "Preventa #57 - Cliente: Burguer SHOP",
        "user": 5,
        "created_at": "2026-01-22T16:32:36.368Z"
    }
},
{
    "model": "inventory.inventorymovement",
    "pk": 153,
    "fields": {
        "product": 3,
        "type": "EGRESO",
        "quantity": 1,
        "reason": "Preventa #57 - Cliente: Burguer SHOP",
        "user": 5,
        "created_at": "2026-01-22T16:32:36.371Z"
    }
},
{
    "model": "inventory.inventorymovement",
    "pk": 154,
    "fields": {
        "product": 4,
        "type": "EGRESO",
        "quantity": 1,
        "reason": "Preventa #58 - Cliente: Burguer SHOP",
        "user": 5,
        "created_at": "2026-01-22T16:39:58.614Z"
    }
},
{
    "model": "inventory.inventorymovement",
    "pk": 155,
    "fields": {
        "product": 2,
        "type": "EGRESO",
        "quantity": 1,
        "reason": "Preventa #58 - Cliente: Burguer SHOP",
        "user": 5,
        "created_at": "2026-01-22T16:39:58.625Z"
    }
},
{
    "model": "inventory.inventorymovement",
    "pk": 156,
    "fields": {
        "product": 5,
        "type": "EGRESO",
        "quantity": 1,
        "reason": "Preventa #59 - Cliente: Burguer SHOP",
        "user": 5,
        "created_at": "2026-01-22T17:48:06.764Z"
    }
},
{
    "model": "inventory.inventorymovement",
    "pk": 157,
    "fields": {
        "product": 8,
        "type": "EGRESO",
        "quantity": 1,
        "reason": "Preventa #60 - Cliente: Burguer SHOP",
        "user": 5,
        "created_at": "2026-01-22T17:54:17.902Z"
    }
},
{
    "model": "inventory.inventorymovement",
    "pk": 158,
    "fields": {
        "product": 5,
        "type": "EGRESO",
        "quantity": 6,
        "reason": "Preventa #61 - Cliente: Burguer SHOP",
        "user": 5,
        "created_at": "2026-01-22T18:12:07.729Z"
    }
},
{
    "model": "inventory.inventorymovement",
    "pk": 159,
    "fields": {
        "product": 5,
        "type": "INGRESO",
        "quantity": 6,
        "reason": "Reingreso - Preventa #61",
        "user": 7,
        "created_at": "2026-01-22T18:13:23.334Z"
    }
},
{
    "model": "inventory.inventorymovement",
    "pk": 160,
    "fields": {
        "product": 4,
        "type": "EGRESO",
        "quantity": 1,
        "reason": "Preventa #62 - Cliente: Burguer SHOP",
        "user": 5,
        "created_at": "2026-01-22T22:05:36.875Z"
    }
},
{
    "model": "inventory.inventorymovement",
    "pk": 161,
    "fields": {
        "product": 5,
        "type": "EGRESO",
        "quantity": 1,
        "reason": "Preventa #63 - Cliente: Burguer SHOP",
        "user": 5,
        "created_at": "2026-01-22T22:07:00.516Z"
    }
},
{
    "model": "inventory.inventorymovement",
    "pk": 162,
    "fields": {
        "product": 6,
        "type": "EGRESO",
        "quantity": 1,
        "reason": "Preventa #64 - Cliente: Burguer SHOP",
        "user": 5,
        "created_at": "2026-01-22T23:56:38.778Z"
    }
},
{
    "model": "inventory.inventorymovement",
    "pk": 163,
    "fields": {
        "product": 3,
        "type": "EGRESO",
        "quantity": 1,
        "reason": "Preventa #64 - Cliente: Burguer SHOP",
        "user": 5,
        "created_at": "2026-01-22T23:56:38.788Z"
    }
},
{
    "model": "inventory.inventorymovement",
    "pk": 164,
    "fields": {
        "product": 7,
        "type": "INGRESO",
        "quantity": 50,
        "reason": "Entrada por almacÚn",
        "user": 7,
        "created_at": "2026-01-22T23:58:32.195Z"
    }
},
{
    "model": "inventory.inventorymovement",
    "pk": 165,
    "fields": {
        "product": 2,
        "type": "INGRESO",
        "quantity": 10,
        "reason": "Entrada por almacÚn",
        "user": 7,
        "created_at": "2026-01-22T23:58:36.855Z"
    }
},
{
    "model": "inventory.inventorymovement",
    "pk": 166,
    "fields": {
        "product": 8,
        "type": "EGRESO",
        "quantity": 1,
        "reason": "Preventa #65 - Cliente: Burguer SHOP",
        "user": 1,
        "created_at": "2026-01-26T15:00:25.434Z"
    }
},
{
    "model": "inventory.inventorymovement",
    "pk": 167,
    "fields": {
        "product": 5,
        "type": "EGRESO",
        "quantity": 1,
        "reason": "Preventa #66 - Cliente: Burguer SHOP",
        "user": 1,
        "created_at": "2026-01-26T15:01:28.115Z"
    }
},
{
    "model": "inventory.inventorymovement",
    "pk": 168,
    "fields": {
        "product": 5,
        "type": "EGRESO",
        "quantity": 1,
        "reason": "Preventa #67 - Cliente: Burguer SHOP",
        "user": 1,
        "created_at": "2026-01-27T13:53:22.195Z"
    }
},
{
    "model": "inventory.inventorymovement",
    "pk": 169,
    "fields": {
        "product": 5,
        "type": "EGRESO",
        "quantity": 1,
        "reason": "Preventa #68 - Cliente: Burguer SHOP",
        "user": 1,
        "created_at": "2026-01-27T14:17:56.856Z"
    }
},
{
    "model": "inventory.inventorymovement",
    "pk": 170,
    "fields": {
        "product": 6,
        "type": "EGRESO",
        "quantity": 1,
        "reason": "Preventa #69 - Cliente: Burguer SHOP",
        "user": 1,
        "created_at": "2026-01-27T14:18:31.396Z"
    }
},
{
    "model": "inventory.inventorymovement",
    "pk": 171,
    "fields": {
        "product": 3,
        "type": "EGRESO",
        "quantity": 1,
        "reason": "Preventa #69 - Cliente: Burguer SHOP",
        "user": 1,
        "created_at": "2026-01-27T14:18:31.408Z"
    }
},
{
    "model": "inventory.inventorymovement",
    "pk": 172,
    "fields": {
        "product": 6,
        "type": "INGRESO",
        "quantity": 20,
        "reason": "Entrada por almacÚn",
        "user": 1,
        "created_at": "2026-01-27T15:01:45.240Z"
    }
},
{
    "model": "inventory.inventorymovement",
    "pk": 173,
    "fields": {
        "product": 5,
        "type": "INGRESO",
        "quantity": 30,
        "reason": "Entrada por almacÚn",
        "user": 1,
        "created_at": "2026-01-27T15:01:49.572Z"
    }
},
{
    "model": "inventory.inventorymovement",
    "pk": 174,
    "fields": {
        "product": 1,
        "type": "INGRESO",
        "quantity": 50,
        "reason": "Entrada por almacÚn",
        "user": 1,
        "created_at": "2026-01-27T15:01:55.850Z"
    }
},
{
    "model": "inventory.inventorymovement",
    "pk": 175,
    "fields": {
        "product": 4,
        "type": "INGRESO",
        "quantity": 20,
        "reason": "Entrada por almacÚn",
        "user": 1,
        "created_at": "2026-01-27T15:02:07.057Z"
    }
},
{
    "model": "inventory.inventorymovement",
    "pk": 176,
    "fields": {
        "product": 3,
        "type": "EGRESO",
        "quantity": 1,
        "reason": "Preventa #70 - Cliente: Burguer SHOP",
        "user": 1,
        "created_at": "2026-01-27T15:02:57.511Z"
    }
},
{
    "model": "inventory.inventorymovement",
    "pk": 177,
    "fields": {
        "product": 6,
        "type": "EGRESO",
        "quantity": 5,
        "reason": "Preventa #70 - Cliente: Burguer SHOP",
        "user": 1,
        "created_at": "2026-01-27T15:02:57.517Z"
    }
},
{
    "model": "inventory.inventorymovement",
    "pk": 178,
    "fields": {
        "product": 2,
        "type": "EGRESO",
        "quantity": 1,
        "reason": "Preventa #71 - Cliente: Locatel",
        "user": 1,
        "created_at": "2026-01-27T15:08:51.990Z"
    }
},
{
    "model": "inventory.inventorymovement",
    "pk": 179,
    "fields": {
        "product": 7,
        "type": "EGRESO",
        "quantity": 1,
        "reason": "Preventa #72 - Cliente: Burguer SHOP",
        "user": 1,
        "created_at": "2026-01-27T15:17:04.184Z"
    }
},
{
    "model": "inventory.inventorymovement",
    "pk": 180,
    "fields": {
        "product": 2,
        "type": "EGRESO",
        "quantity": 1,
        "reason": "Preventa #72 - Cliente: Burguer SHOP",
        "user": 1,
        "created_at": "2026-01-27T15:17:04.193Z"
    }
},
{
    "model": "inventory.inventorymovement",
    "pk": 181,
    "fields": {
        "product": 6,
        "type": "EGRESO",
        "quantity": 1,
        "reason": "Preventa #72 - Cliente: Burguer SHOP",
        "user": 1,
        "created_at": "2026-01-27T15:17:04.197Z"
    }
},
{
    "model": "inventory.inventorymovement",
    "pk": 182,
    "fields": {
        "product": 7,
        "type": "EGRESO",
        "quantity": 1,
        "reason": "Preventa #73 - Cliente: Burguer SHOP",
        "user": 1,
        "created_at": "2026-01-27T15:17:14.512Z"
    }
},
{
    "model": "inventory.inventorymovement",
    "pk": 183,
    "fields": {
        "product": 2,
        "type": "EGRESO",
        "quantity": 1,
        "reason": "Preventa #73 - Cliente: Burguer SHOP",
        "user": 1,
        "created_at": "2026-01-27T15:17:14.517Z"
    }
},
{
    "model": "inventory.inventorymovement",
    "pk": 184,
    "fields": {
        "product": 4,
        "type": "EGRESO",
        "quantity": 1,
        "reason": "Preventa #74 - Cliente: Burguer SHOP",
        "user": 1,
        "created_at": "2026-01-27T15:17:37.294Z"
    }
},
{
    "model": "inventory.inventorymovement",
    "pk": 185,
    "fields": {
        "product": 1,
        "type": "EGRESO",
        "quantity": 1,
        "reason": "Preventa #74 - Cliente: Burguer SHOP",
        "user": 1,
        "created_at": "2026-01-27T15:17:37.302Z"
    }
},
{
    "model": "inventory.inventorymovement",
    "pk": 186,
    "fields": {
        "product": 7,
        "type": "EGRESO",
        "quantity": 1,
        "reason": "Preventa #75 - Cliente: Burguer SHOP",
        "user": 1,
        "created_at": "2026-01-27T15:17:45.091Z"
    }
},
{
    "model": "inventory.inventorymovement",
    "pk": 187,
    "fields": {
        "product": 6,
        "type": "EGRESO",
        "quantity": 1,
        "reason": "Preventa #76 - Cliente: Burguer SHOP",
        "user": 1,
        "created_at": "2026-01-27T15:52:41.246Z"
    }
},
{
    "model": "inventory.inventorymovement",
    "pk": 188,
    "fields": {
        "product": 5,
        "type": "EGRESO",
        "quantity": 1,
        "reason": "Preventa #76 - Cliente: Burguer SHOP",
        "user": 1,
        "created_at": "2026-01-27T15:52:41.253Z"
    }
},
{
    "model": "inventory.inventorymovement",
    "pk": 189,
    "fields": {
        "product": 6,
        "type": "EGRESO",
        "quantity": 6,
        "reason": "Preventa #77 - Cliente: Burguer SHOP",
        "user": 1,
        "created_at": "2026-01-27T15:52:50.754Z"
    }
},
{
    "model": "inventory.inventorymovement",
    "pk": 190,
    "fields": {
        "product": 2,
        "type": "EGRESO",
        "quantity": 1,
        "reason": "Preventa #78 - Cliente: Burguer SHOP",
        "user": 5,
        "created_at": "2026-01-27T16:25:34.943Z"
    }
},
{
    "model": "inventory.inventorymovement",
    "pk": 191,
    "fields": {
        "product": 4,
        "type": "EGRESO",
        "quantity": 1,
        "reason": "Preventa #78 - Cliente: Burguer SHOP",
        "user": 5,
        "created_at": "2026-01-27T16:25:34.950Z"
    }
},
{
    "model": "inventory.inventorymovement",
    "pk": 192,
    "fields": {
        "product": 7,
        "type": "EGRESO",
        "quantity": 1,
        "reason": "Preventa #79 - Cliente: Burguer SHOP",
        "user": 5,
        "created_at": "2026-01-27T16:25:48.007Z"
    }
},
{
    "model": "inventory.inventorymovement",
    "pk": 193,
    "fields": {
        "product": 1,
        "type": "EGRESO",
        "quantity": 4,
        "reason": "Preventa #79 - Cliente: Burguer SHOP",
        "user": 5,
        "created_at": "2026-01-27T16:25:48.013Z"
    }
},
{
    "model": "inventory.inventorymovement",
    "pk": 194,
    "fields": {
        "product": 5,
        "type": "INGRESO",
        "quantity": 20,
        "reason": "Entrada por almacÚn",
        "user": 7,
        "created_at": "2026-01-27T16:26:23.292Z"
    }
},
{
    "model": "inventory.inventorymovement",
    "pk": 195,
    "fields": {
        "product": 3,
        "type": "INGRESO",
        "quantity": 100,
        "reason": "Entrada por almacÚn",
        "user": 7,
        "created_at": "2026-01-27T16:26:28.915Z"
    }
},
{
    "model": "inventory.inventorymovement",
    "pk": 196,
    "fields": {
        "product": 13,
        "type": "EGRESO",
        "quantity": 1,
        "reason": "Preventa #80 - Cliente: Apple",
        "user": 1,
        "created_at": "2026-01-27T20:57:19.063Z"
    }
},
{
    "model": "inventory.inventorymovement",
    "pk": 197,
    "fields": {
        "product": 7,
        "type": "EGRESO",
        "quantity": 1,
        "reason": "Preventa #81 - Cliente: Burguer SHOP",
        "user": 5,
        "created_at": "2026-01-27T21:42:32.256Z"
    }
},
{
    "model": "inventory.inventorymovement",
    "pk": 198,
    "fields": {
        "product": 13,
        "type": "EGRESO",
        "quantity": 1,
        "reason": "Preventa #81 - Cliente: Burguer SHOP",
        "user": 5,
        "created_at": "2026-01-27T21:42:32.263Z"
    }
},
{
    "model": "inventory.inventorymovement",
    "pk": 199,
    "fields": {
        "product": 4,
        "type": "EGRESO",
        "quantity": 1,
        "reason": "Preventa #81 - Cliente: Burguer SHOP",
        "user": 5,
        "created_at": "2026-01-27T21:42:32.267Z"
    }
},
{
    "model": "inventory.inventorymovement",
    "pk": 200,
    "fields": {
        "product": 8,
        "type": "EGRESO",
        "quantity": 1,
        "reason": "Preventa #81 - Cliente: Burguer SHOP",
        "user": 5,
        "created_at": "2026-01-27T21:42:32.269Z"
    }
},
{
    "model": "inventory.inventorymovement",
    "pk": 201,
    "fields": {
        "product": 4,
        "type": "EGRESO",
        "quantity": 1,
        "reason": "Preventa #82 - Cliente: Burguer SHOP",
        "user": 1,
        "created_at": "2026-01-28T03:08:07.228Z"
    }
},
{
    "model": "inventory.inventorymovement",
    "pk": 202,
    "fields": {
        "product": 8,
        "type": "EGRESO",
        "quantity": 1,
        "reason": "Preventa #82 - Cliente: Burguer SHOP",
        "user": 1,
        "created_at": "2026-01-28T03:08:07.239Z"
    }
},
{
    "model": "inventory.inventorymovement",
    "pk": 203,
    "fields": {
        "product": 8,
        "type": "EGRESO",
        "quantity": 1,
        "reason": "Preventa #83 - Cliente: Burguer SHOP",
        "user": 1,
        "created_at": "2026-01-28T03:30:06.729Z"
    }
},
{
    "model": "inventory.inventorymovement",
    "pk": 204,
    "fields": {
        "product": 4,
        "type": "EGRESO",
        "quantity": 1,
        "reason": "Preventa #83 - Cliente: Burguer SHOP",
        "user": 1,
        "created_at": "2026-01-28T03:30:06.735Z"
    }
},
{
    "model": "inventory.inventorymovement",
    "pk": 205,
    "fields": {
        "product": 2,
        "type": "EGRESO",
        "quantity": 1,
        "reason": "Preventa #83 - Cliente: Burguer SHOP",
        "user": 1,
        "created_at": "2026-01-28T03:30:06.738Z"
    }
},
{
    "model": "inventory.inventorymovement",
    "pk": 206,
    "fields": {
        "product": 8,
        "type": "EGRESO",
        "quantity": 1,
        "reason": "Preventa #84 - Cliente: Burguer SHOP",
        "user": 5,
        "created_at": "2026-01-28T16:16:38.323Z"
    }
},
{
    "model": "accounting.pricerule",
    "pk": 1,
    "fields": {
        "category": 1,
        "sale_type": "HORIZONTAL",
        "margin_percentage": "20.00"
    }
},
{
    "model": "accounting.pricerule",
    "pk": 2,
    "fields": {
        "category": 2,
        "sale_type": "MAYORISTA",
        "margin_percentage": "15.00"
    }
},
{
    "model": "accounting.pricerule",
    "pk": 3,
    "fields": {
        "category": 3,
        "sale_type": "MAYORISTA",
        "margin_percentage": "15.00"
    }
},
{
    "model": "accounting.pricerule",
    "pk": 4,
    "fields": {
        "category": 2,
        "sale_type": "HORIZONTAL",
        "margin_percentage": "10.00"
    }
},
{
    "model": "accounting.cashsettlement",
    "pk": 4,
    "fields": {
        "batch": 42,
        "processed_by": 10,
        "expected_amount": "12.00",
        "received_amount": "12.00",
        "difference": "0.00",
        "observations": "",
        "created_at": "2026-01-22T03:49:39.680Z"
    }
},
{
    "model": "accounting.cashsettlement",
    "pk": 5,
    "fields": {
        "batch": 43,
        "processed_by": 10,
        "expected_amount": "5.00",
        "received_amount": "2.00",
        "difference": "-3.00",
        "observations": "",
        "created_at": "2026-01-22T15:24:41.997Z"
    }
},
{
    "model": "accounting.cashsettlement",
    "pk": 6,
    "fields": {
        "batch": 44,
        "processed_by": 10,
        "expected_amount": "67.00",
        "received_amount": "57.00",
        "difference": "-10.00",
        "observations": "Quedaron debiendo 10Bs",
        "created_at": "2026-01-22T16:49:05.358Z"
    }
},
{
    "model": "accounting.cashsettlement",
    "pk": 7,
    "fields": {
        "batch": 45,
        "processed_by": 10,
        "expected_amount": "5.00",
        "received_amount": "5.00",
        "difference": "0.00",
        "observations": "",
        "created_at": "2026-01-22T17:49:38.359Z"
    }
},
{
    "model": "accounting.cashsettlement",
    "pk": 8,
    "fields": {
        "batch": 46,
        "processed_by": 10,
        "expected_amount": "30.00",
        "received_amount": "30.00",
        "difference": "0.00",
        "observations": "",
        "created_at": "2026-01-22T17:55:17.138Z"
    }
},
{
    "model": "accounting.cashsettlement",
    "pk": 9,
    "fields": {
        "batch": 49,
        "processed_by": 10,
        "expected_amount": "5.00",
        "received_amount": "5.00",
        "difference": "0.00",
        "observations": "",
        "created_at": "2026-01-22T22:59:19.876Z"
    }
},
{
    "model": "accounting.cashsettlement",
    "pk": 10,
    "fields": {
        "batch": 57,
        "processed_by": 10,
        "expected_amount": "66.00",
        "received_amount": "66.00",
        "difference": "0.00",
        "observations": "",
        "created_at": "2026-01-27T16:41:43.189Z"
    }
},
{
    "model": "accounting.cashsettlement",
    "pk": 11,
    "fields": {
        "batch": 47,
        "processed_by": 10,
        "expected_amount": "0.00",
        "received_amount": "0.00",
        "difference": "0.00",
        "observations": "",
        "created_at": "2026-01-27T16:42:13.888Z"
    }
},
{
    "model": "accounting.cashsettlement",
    "pk": 12,
    "fields": {
        "batch": 56,
        "processed_by": 10,
        "expected_amount": "71.50",
        "received_amount": "1000.00",
        "difference": "928.50",
        "observations": "",
        "created_at": "2026-01-27T16:42:31.206Z"
    }
},
{
    "model": "accounting.cashsettlement",
    "pk": 13,
    "fields": {
        "batch": 52,
        "processed_by": 10,
        "expected_amount": "0.00",
        "received_amount": "200.00",
        "difference": "200.00",
        "observations": "",
        "created_at": "2026-01-27T16:42:42.256Z"
    }
},
{
    "model": "accounting.cashsettlement",
    "pk": 14,
    "fields": {
        "batch": 55,
        "processed_by": 10,
        "expected_amount": "50.30",
        "received_amount": "5000.00",
        "difference": "4949.70",
        "observations": "5000",
        "created_at": "2026-01-27T16:42:56.171Z"
    }
},
{
    "model": "accounting.cashsettlement",
    "pk": 15,
    "fields": {
        "batch": 48,
        "processed_by": 10,
        "expected_amount": "4.00",
        "received_amount": "10000.00",
        "difference": "9996.00",
        "observations": "",
        "created_at": "2026-01-27T16:43:17.741Z"
    }
},
{
    "model": "accounting.cashsettlement",
    "pk": 16,
    "fields": {
        "batch": 50,
        "processed_by": 1,
        "expected_amount": "15.00",
        "received_amount": "15.00",
        "difference": "0.00",
        "observations": "",
        "created_at": "2026-01-28T03:17:08.195Z"
    }
},
{
    "model": "accounting.cashsettlement",
    "pk": 17,
    "fields": {
        "batch": 51,
        "processed_by": 1,
        "expected_amount": "35.00",
        "received_amount": "35.00",
        "difference": "0.00",
        "observations": "",
        "created_at": "2026-01-28T03:18:15.396Z"
    }
},
{
    "model": "accounting.cashsettlement",
    "pk": 18,
    "fields": {
        "batch": 59,
        "processed_by": 1,
        "expected_amount": "16.40",
        "received_amount": "17.00",
        "difference": "0.60",
        "observations": "",
        "created_at": "2026-01-28T03:18:23.733Z"
    }
},
{
    "model": "accounting.cashsettlement",
    "pk": 19,
    "fields": {
        "batch": 54,
        "processed_by": 1,
        "expected_amount": "19.70",
        "received_amount": "20.00",
        "difference": "0.30",
        "observations": "",
        "created_at": "2026-01-28T03:18:36.135Z"
    }
},
{
    "model": "accounting.cashsettlement",
    "pk": 20,
    "fields": {
        "batch": 53,
        "processed_by": 1,
        "expected_amount": "33.00",
        "received_amount": "34.00",
        "difference": "1.00",
        "observations": "",
        "created_at": "2026-01-28T03:18:47.695Z"
    }
},
{
    "model": "accounting.cashsettlement",
    "pk": 21,
    "fields": {
        "batch": 63,
        "processed_by": 10,
        "expected_amount": "30.00",
        "received_amount": "30.00",
        "difference": "0.00",
        "observations": "",
        "created_at": "2026-01-28T16:17:36.630Z"
    }
},
{
    "model": "accounting.cashsettlement",
    "pk": 22,
    "fields": {
        "batch": 61,
        "processed_by": 1,
        "expected_amount": "33.30",
        "received_amount": "33.30",
        "difference": "0.00",
        "observations": "",
        "created_at": "2026-01-28T16:18:39.504Z"
    }
},
{
    "model": "accounting.cashsettlement",
    "pk": 23,
    "fields": {
        "batch": 60,
        "processed_by": 1,
        "expected_amount": "76.60",
        "received_amount": "76.60",
        "difference": "0.00",
        "observations": "",
        "created_at": "2026-01-28T16:18:49.781Z"
    }
},
{
    "model": "accounting.expense",
    "pk": 1,
    "fields": {
        "description": "Pago a carlos",
        "amount": "1200.00",
        "category": "PERSONAL",
        "date": "2026-01-22",
        "registered_by": 10
    }
},
{
    "model": "accounting.expense",
    "pk": 2,
    "fields": {
        "description": "Pago a Juan",
        "amount": "250.00",
        "category": "PERSONAL",
        "date": "2026-01-22",
        "registered_by": 10
    }
},
{
    "model": "accounting.expense",
    "pk": 3,
    "fields": {
        "description": "N¾mina: carlos - enero de 2026",
        "amount": "500.00",
        "category": "PERSONAL",
        "date": "2026-01-22",
        "registered_by": null
    }
},
{
    "model": "accounting.expense",
    "pk": 4,
    "fields": {
        "description": "N¾mina: carlos - enero de 2026",
        "amount": "500.00",
        "category": "PERSONAL",
        "date": "2026-01-22",
        "registered_by": null
    }
},
{
    "model": "accounting.expense",
    "pk": 5,
    "fields": {
        "description": "N¾mina: carlos - enero de 2026",
        "amount": "500.00",
        "category": "PERSONAL",
        "date": "2026-01-22",
        "registered_by": null
    }
},
{
    "model": "accounting.expense",
    "pk": 6,
    "fields": {
        "description": "N¾mina: carlos - enero de 2026",
        "amount": "500.00",
        "category": "PERSONAL",
        "date": "2026-01-22",
        "registered_by": null
    }
},
{
    "model": "accounting.expense",
    "pk": 7,
    "fields": {
        "description": "N¾mina: juan12 - enero de 2026",
        "amount": "800.00",
        "category": "PERSONAL",
        "date": "2026-01-22",
        "registered_by": null
    }
},
{
    "model": "accounting.expense",
    "pk": 8,
    "fields": {
        "description": "N¾mina: Usuario_Distribuidor - enero de 2026",
        "amount": "400.00",
        "category": "PERSONAL",
        "date": "2026-01-22",
        "registered_by": null
    }
},
{
    "model": "accounting.expense",
    "pk": 9,
    "fields": {
        "description": "N¾mina: carlos - enero de 2026",
        "amount": "500.00",
        "category": "PERSONAL",
        "date": "2026-01-22",
        "registered_by": null
    }
},
{
    "model": "accounting.expense",
    "pk": 10,
    "fields": {
        "description": "N¾mina: eliezer556 - enero de 2026",
        "amount": "1200.00",
        "category": "PERSONAL",
        "date": "2026-01-22",
        "registered_by": null
    }
},
{
    "model": "accounting.expense",
    "pk": 11,
    "fields": {
        "description": "N¾mina: Usuario_Distribuidor - enero de 2026",
        "amount": "400.00",
        "category": "PERSONAL",
        "date": "2026-01-22",
        "registered_by": null
    }
},
{
    "model": "accounting.expense",
    "pk": 12,
    "fields": {
        "description": "N¾mina: pedro - enero de 2026",
        "amount": "800.00",
        "category": "PERSONAL",
        "date": "2026-01-22",
        "registered_by": null
    }
},
{
    "model": "accounting.expense",
    "pk": 13,
    "fields": {
        "description": "N¾mina: jaime15 - enero de 2026",
        "amount": "500.00",
        "category": "PERSONAL",
        "date": "2026-01-22",
        "registered_by": null
    }
},
{
    "model": "accounting.expense",
    "pk": 14,
    "fields": {
        "description": "N¾mina: Contador_user - enero de 2026",
        "amount": "800.00",
        "category": "PERSONAL",
        "date": "2026-01-22",
        "registered_by": null
    }
},
{
    "model": "accounting.expense",
    "pk": 15,
    "fields": {
        "description": "N¾mina: juan12 - enero de 2026",
        "amount": "800.00",
        "category": "PERSONAL",
        "date": "2026-01-22",
        "registered_by": null
    }
},
{
    "model": "accounting.expense",
    "pk": 16,
    "fields": {
        "description": "N¾mina: carlos - enero de 2026",
        "amount": "500.00",
        "category": "PERSONAL",
        "date": "2026-01-22",
        "registered_by": null
    }
},
{
    "model": "accounting.expense",
    "pk": 17,
    "fields": {
        "description": "N¾mina: carlos - enero de 2026",
        "amount": "500.00",
        "category": "PERSONAL",
        "date": "2026-01-22",
        "registered_by": null
    }
},
{
    "model": "accounting.expense",
    "pk": 18,
    "fields": {
        "description": "N¾mina: carlos - enero de 2026",
        "amount": "500.00",
        "category": "PERSONAL",
        "date": "2026-01-22",
        "registered_by": null
    }
},
{
    "model": "accounting.expense",
    "pk": 19,
    "fields": {
        "description": "N¾mina: eliezer556 - enero de 2026",
        "amount": "1200.00",
        "category": "PERSONAL",
        "date": "2026-01-22",
        "registered_by": null
    }
},
{
    "model": "accounting.expense",
    "pk": 20,
    "fields": {
        "description": "N¾mina: Contador_user - enero de 2026",
        "amount": "800.00",
        "category": "PERSONAL",
        "date": "2026-01-22",
        "registered_by": null
    }
},
{
    "model": "accounting.expense",
    "pk": 21,
    "fields": {
        "description": "N¾mina: Usuario_Distribuidor - enero de 2026",
        "amount": "400.00",
        "category": "PERSONAL",
        "date": "2026-01-22",
        "registered_by": null
    }
},
{
    "model": "accounting.expense",
    "pk": 22,
    "fields": {
        "description": "N¾mina: jaime15 - enero de 2026",
        "amount": "500.00",
        "category": "PERSONAL",
        "date": "2026-01-22",
        "registered_by": null
    }
},
{
    "model": "accounting.expense",
    "pk": 23,
    "fields": {
        "description": "N¾mina: juan12 - enero de 2026",
        "amount": "800.00",
        "category": "PERSONAL",
        "date": "2026-01-22",
        "registered_by": null
    }
},
{
    "model": "accounting.expense",
    "pk": 24,
    "fields": {
        "description": "N¾mina: pedro - enero de 2026",
        "amount": "800.00",
        "category": "PERSONAL",
        "date": "2026-01-22",
        "registered_by": null
    }
},
{
    "model": "accounting.expense",
    "pk": 25,
    "fields": {
        "description": "Pago a Proveedor: Usuario_Distribuidor - Liquidaci¾n de Flete - Ruta #46",
        "amount": "0.30",
        "category": "OTROS",
        "date": "2026-01-22",
        "registered_by": null
    }
},
{
    "model": "accounting.payrollpayment",
    "pk": 3,
    "fields": {
        "user": 2,
        "payment_date": "2026-01-22",
        "month_period": "enero de 2026",
        "amount_paid": "500.00",
        "bonus": "0.00",
        "deductions": "0.00",
        "total_net": "500.00"
    }
},
{
    "model": "accounting.payrollpayment",
    "pk": 4,
    "fields": {
        "user": 2,
        "payment_date": "2026-01-22",
        "month_period": "enero de 2026",
        "amount_paid": "500.00",
        "bonus": "0.00",
        "deductions": "0.00",
        "total_net": "500.00"
    }
},
{
    "model": "accounting.payrollpayment",
    "pk": 5,
    "fields": {
        "user": 2,
        "payment_date": "2026-01-22",
        "month_period": "enero de 2026",
        "amount_paid": "500.00",
        "bonus": "0.00",
        "deductions": "0.00",
        "total_net": "500.00"
    }
},
{
    "model": "accounting.payrollpayment",
    "pk": 6,
    "fields": {
        "user": 2,
        "payment_date": "2026-01-22",
        "month_period": "enero de 2026",
        "amount_paid": "500.00",
        "bonus": "0.00",
        "deductions": "0.00",
        "total_net": "500.00"
    }
},
{
    "model": "accounting.payrollpayment",
    "pk": 7,
    "fields": {
        "user": 5,
        "payment_date": "2026-01-22",
        "month_period": "enero de 2026",
        "amount_paid": "800.00",
        "bonus": "0.00",
        "deductions": "0.00",
        "total_net": "800.00"
    }
},
{
    "model": "accounting.payrollpayment",
    "pk": 8,
    "fields": {
        "user": 9,
        "payment_date": "2026-01-22",
        "month_period": "enero de 2026",
        "amount_paid": "400.00",
        "bonus": "0.00",
        "deductions": "0.00",
        "total_net": "400.00"
    }
},
{
    "model": "accounting.payrollpayment",
    "pk": 9,
    "fields": {
        "user": 2,
        "payment_date": "2026-01-22",
        "month_period": "enero de 2026",
        "amount_paid": "500.00",
        "bonus": "0.00",
        "deductions": "0.00",
        "total_net": "500.00"
    }
},
{
    "model": "accounting.payrollpayment",
    "pk": 10,
    "fields": {
        "user": 1,
        "payment_date": "2026-01-22",
        "month_period": "enero de 2026",
        "amount_paid": "1200.00",
        "bonus": "0.00",
        "deductions": "0.00",
        "total_net": "1200.00"
    }
},
{
    "model": "accounting.payrollpayment",
    "pk": 11,
    "fields": {
        "user": 9,
        "payment_date": "2026-01-22",
        "month_period": "enero de 2026",
        "amount_paid": "400.00",
        "bonus": "0.00",
        "deductions": "0.00",
        "total_net": "400.00"
    }
},
{
    "model": "accounting.payrollpayment",
    "pk": 12,
    "fields": {
        "user": 6,
        "payment_date": "2026-01-22",
        "month_period": "enero de 2026",
        "amount_paid": "800.00",
        "bonus": "0.00",
        "deductions": "0.00",
        "total_net": "800.00"
    }
},
{
    "model": "accounting.payrollpayment",
    "pk": 13,
    "fields": {
        "user": 7,
        "payment_date": "2026-01-22",
        "month_period": "enero de 2026",
        "amount_paid": "500.00",
        "bonus": "0.00",
        "deductions": "0.00",
        "total_net": "500.00"
    }
},
{
    "model": "accounting.payrollpayment",
    "pk": 14,
    "fields": {
        "user": 10,
        "payment_date": "2026-01-22",
        "month_period": "enero de 2026",
        "amount_paid": "800.00",
        "bonus": "0.00",
        "deductions": "0.00",
        "total_net": "800.00"
    }
},
{
    "model": "accounting.payrollpayment",
    "pk": 15,
    "fields": {
        "user": 5,
        "payment_date": "2026-01-22",
        "month_period": "enero de 2026",
        "amount_paid": "800.00",
        "bonus": "0.00",
        "deductions": "0.00",
        "total_net": "800.00"
    }
},
{
    "model": "accounting.payrollpayment",
    "pk": 16,
    "fields": {
        "user": 2,
        "payment_date": "2026-01-22",
        "month_period": "enero de 2026",
        "amount_paid": "500.00",
        "bonus": "0.00",
        "deductions": "0.00",
        "total_net": "500.00"
    }
},
{
    "model": "accounting.payrollpayment",
    "pk": 17,
    "fields": {
        "user": 2,
        "payment_date": "2026-01-22",
        "month_period": "enero de 2026",
        "amount_paid": "500.00",
        "bonus": "0.00",
        "deductions": "0.00",
        "total_net": "500.00"
    }
},
{
    "model": "accounting.payrollpayment",
    "pk": 18,
    "fields": {
        "user": 2,
        "payment_date": "2026-01-22",
        "month_period": "enero de 2026",
        "amount_paid": "500.00",
        "bonus": "0.00",
        "deductions": "0.00",
        "total_net": "500.00"
    }
},
{
    "model": "accounting.payrollpayment",
    "pk": 19,
    "fields": {
        "user": 1,
        "payment_date": "2026-01-22",
        "month_period": "enero de 2026",
        "amount_paid": "1200.00",
        "bonus": "0.00",
        "deductions": "0.00",
        "total_net": "1200.00"
    }
},
{
    "model": "accounting.payrollpayment",
    "pk": 20,
    "fields": {
        "user": 10,
        "payment_date": "2026-01-22",
        "month_period": "enero de 2026",
        "amount_paid": "800.00",
        "bonus": "0.00",
        "deductions": "0.00",
        "total_net": "800.00"
    }
},
{
    "model": "accounting.payrollpayment",
    "pk": 21,
    "fields": {
        "user": 9,
        "payment_date": "2026-01-22",
        "month_period": "enero de 2026",
        "amount_paid": "400.00",
        "bonus": "0.00",
        "deductions": "0.00",
        "total_net": "400.00"
    }
},
{
    "model": "accounting.payrollpayment",
    "pk": 22,
    "fields": {
        "user": 7,
        "payment_date": "2026-01-22",
        "month_period": "enero de 2026",
        "amount_paid": "500.00",
        "bonus": "0.00",
        "deductions": "0.00",
        "total_net": "500.00"
    }
},
{
    "model": "accounting.payrollpayment",
    "pk": 23,
    "fields": {
        "user": 5,
        "payment_date": "2026-01-22",
        "month_period": "enero de 2026",
        "amount_paid": "800.00",
        "bonus": "0.00",
        "deductions": "0.00",
        "total_net": "800.00"
    }
},
{
    "model": "accounting.payrollpayment",
    "pk": 24,
    "fields": {
        "user": 6,
        "payment_date": "2026-01-22",
        "month_period": "enero de 2026",
        "amount_paid": "800.00",
        "bonus": "0.00",
        "deductions": "0.00",
        "total_net": "800.00"
    }
},
{
    "model": "accounting.accountreceivable",
    "pk": 1,
    "fields": {
        "client": 4,
        "pre_sale": 56,
        "total_amount": "5.00",
        "remaining_balance": "3.00",
        "due_date": "2026-01-29",
        "status": "PENDIENTE",
        "created_at": "2026-01-22T15:24:42.004Z",
        "notes": null
    }
},
{
    "model": "accounting.accountreceivable",
    "pk": 2,
    "fields": {
        "client": 4,
        "pre_sale": 57,
        "total_amount": "55.00",
        "remaining_balance": "10.00",
        "due_date": "2026-01-29",
        "status": "PENDIENTE",
        "created_at": "2026-01-22T16:49:05.365Z",
        "notes": null
    }
},
{
    "model": "accounting.accountpayable",
    "pk": 1,
    "fields": {
        "provider_name": "Usuario_Distribuidor",
        "description": "Liquidaci¾n de Flete - Ruta #46",
        "total_amount": "0.30",
        "remaining_balance": "0.00",
        "due_date": "2026-01-29",
        "status": "PAGADO",
        "created_at": "2026-01-22T17:55:17.367Z"
    }
},
{
    "model": "distribution.route",
    "pk": 1,
    "fields": {
        "name": "Ruta Maracay Norte",
        "description": "Maracay Norta, sector casta±o"
    }
},
{
    "model": "distribution.route",
    "pk": 2,
    "fields": {
        "name": "Ruta Maracay Sur",
        "description": "Maracay Sur sector, los samanes"
    }
},
{
    "model": "distribution.route",
    "pk": 3,
    "fields": {
        "name": "Ruta Maracay Oeste",
        "description": "Ruta maracay oeste, sector 23 de Enero"
    }
},
{
    "model": "distribution.route",
    "pk": 4,
    "fields": {
        "name": "RUTA NORTE ARAGUA",
        "description": ""
    }
},
{
    "model": "distribution.deliverybatch",
    "pk": 42,
    "fields": {
        "route": 1,
        "distributor": 9,
        "status": "FINALIZADO",
        "created_at": "2026-01-22T03:48:56.996Z",
        "is_active": true
    }
},
{
    "model": "distribution.deliverybatch",
    "pk": 43,
    "fields": {
        "route": 1,
        "distributor": 9,
        "status": "FINALIZADO",
        "created_at": "2026-01-22T14:32:29.739Z",
        "is_active": true
    }
},
{
    "model": "distribution.deliverybatch",
    "pk": 44,
    "fields": {
        "route": 1,
        "distributor": 9,
        "status": "FINALIZADO",
        "created_at": "2026-01-22T16:46:33.743Z",
        "is_active": true
    }
},
{
    "model": "distribution.deliverybatch",
    "pk": 45,
    "fields": {
        "route": 1,
        "distributor": 9,
        "status": "FINALIZADO",
        "created_at": "2026-01-22T17:48:32.564Z",
        "is_active": true
    }
},
{
    "model": "distribution.deliverybatch",
    "pk": 46,
    "fields": {
        "route": 1,
        "distributor": 9,
        "status": "FINALIZADO",
        "created_at": "2026-01-22T17:54:36.458Z",
        "is_active": true
    }
},
{
    "model": "distribution.deliverybatch",
    "pk": 47,
    "fields": {
        "route": 1,
        "distributor": 9,
        "status": "FINALIZADO",
        "created_at": "2026-01-22T18:12:50.311Z",
        "is_active": true
    }
},
{
    "model": "distribution.deliverybatch",
    "pk": 48,
    "fields": {
        "route": 1,
        "distributor": 9,
        "status": "FINALIZADO",
        "created_at": "2026-01-22T22:05:54.932Z",
        "is_active": true
    }
},
{
    "model": "distribution.deliverybatch",
    "pk": 49,
    "fields": {
        "route": 1,
        "distributor": 9,
        "status": "FINALIZADO",
        "created_at": "2026-01-22T22:50:22.527Z",
        "is_active": true
    }
},
{
    "model": "distribution.deliverybatch",
    "pk": 50,
    "fields": {
        "route": 1,
        "distributor": 9,
        "status": "FINALIZADO",
        "created_at": "2026-01-22T23:58:59.066Z",
        "is_active": true
    }
},
{
    "model": "distribution.deliverybatch",
    "pk": 51,
    "fields": {
        "route": 1,
        "distributor": 9,
        "status": "FINALIZADO",
        "created_at": "2026-01-27T13:37:40.210Z",
        "is_active": true
    }
},
{
    "model": "distribution.deliverybatch",
    "pk": 52,
    "fields": {
        "route": 1,
        "distributor": 9,
        "status": "FINALIZADO",
        "created_at": "2026-01-27T13:56:16.649Z",
        "is_active": true
    }
},
{
    "model": "distribution.deliverybatch",
    "pk": 53,
    "fields": {
        "route": 2,
        "distributor": 11,
        "status": "FINALIZADO",
        "created_at": "2026-01-27T14:19:05.343Z",
        "is_active": true
    }
},
{
    "model": "distribution.deliverybatch",
    "pk": 54,
    "fields": {
        "route": 1,
        "distributor": 9,
        "status": "FINALIZADO",
        "created_at": "2026-01-27T15:18:16.841Z",
        "is_active": true
    }
},
{
    "model": "distribution.deliverybatch",
    "pk": 55,
    "fields": {
        "route": 2,
        "distributor": 11,
        "status": "FINALIZADO",
        "created_at": "2026-01-27T15:18:49.493Z",
        "is_active": true
    }
},
{
    "model": "distribution.deliverybatch",
    "pk": 56,
    "fields": {
        "route": 1,
        "distributor": 11,
        "status": "FINALIZADO",
        "created_at": "2026-01-27T15:28:32.409Z",
        "is_active": true
    }
},
{
    "model": "distribution.deliverybatch",
    "pk": 57,
    "fields": {
        "route": 1,
        "distributor": 9,
        "status": "FINALIZADO",
        "created_at": "2026-01-27T16:17:44.000Z",
        "is_active": true
    }
},
{
    "model": "distribution.deliverybatch",
    "pk": 58,
    "fields": {
        "route": 1,
        "distributor": 9,
        "status": "FINALIZADO",
        "created_at": "2026-01-27T16:38:34.395Z",
        "is_active": true
    }
},
{
    "model": "distribution.deliverybatch",
    "pk": 59,
    "fields": {
        "route": 2,
        "distributor": 11,
        "status": "FINALIZADO",
        "created_at": "2026-01-27T16:38:44.731Z",
        "is_active": true
    }
},
{
    "model": "distribution.deliverybatch",
    "pk": 60,
    "fields": {
        "route": 1,
        "distributor": 11,
        "status": "FINALIZADO",
        "created_at": "2026-01-27T21:42:59.516Z",
        "is_active": true
    }
},
{
    "model": "distribution.deliverybatch",
    "pk": 61,
    "fields": {
        "route": 1,
        "distributor": 9,
        "status": "FINALIZADO",
        "created_at": "2026-01-28T03:08:20.294Z",
        "is_active": true
    }
},
{
    "model": "distribution.deliverybatch",
    "pk": 62,
    "fields": {
        "route": 4,
        "distributor": 9,
        "status": "EN_RUTA",
        "created_at": "2026-01-28T16:05:21.489Z",
        "is_active": true
    }
},
{
    "model": "distribution.deliverybatch",
    "pk": 63,
    "fields": {
        "route": 1,
        "distributor": 11,
        "status": "FINALIZADO",
        "created_at": "2026-01-28T16:16:56.659Z",
        "is_active": true
    }
},
{
    "model": "distribution.deliveryassignment",
    "pk": 48,
    "fields": {
        "batch": 42,
        "presale": 55,
        "order_in_route": 1
    }
},
{
    "model": "distribution.deliveryassignment",
    "pk": 49,
    "fields": {
        "batch": 43,
        "presale": 56,
        "order_in_route": 1
    }
},
{
    "model": "distribution.deliveryassignment",
    "pk": 50,
    "fields": {
        "batch": 44,
        "presale": 57,
        "order_in_route": 1
    }
},
{
    "model": "distribution.deliveryassignment",
    "pk": 51,
    "fields": {
        "batch": 44,
        "presale": 58,
        "order_in_route": 1
    }
},
{
    "model": "distribution.deliveryassignment",
    "pk": 52,
    "fields": {
        "batch": 45,
        "presale": 59,
        "order_in_route": 1
    }
},
{
    "model": "distribution.deliveryassignment",
    "pk": 53,
    "fields": {
        "batch": 46,
        "presale": 60,
        "order_in_route": 1
    }
},
{
    "model": "distribution.deliveryassignment",
    "pk": 54,
    "fields": {
        "batch": 47,
        "presale": 61,
        "order_in_route": 1
    }
},
{
    "model": "distribution.deliveryassignment",
    "pk": 55,
    "fields": {
        "batch": 48,
        "presale": 62,
        "order_in_route": 1
    }
},
{
    "model": "distribution.deliveryassignment",
    "pk": 56,
    "fields": {
        "batch": 49,
        "presale": 63,
        "order_in_route": 1
    }
},
{
    "model": "distribution.deliveryassignment",
    "pk": 57,
    "fields": {
        "batch": 50,
        "presale": 64,
        "order_in_route": 1
    }
},
{
    "model": "distribution.deliveryassignment",
    "pk": 58,
    "fields": {
        "batch": 51,
        "presale": 66,
        "order_in_route": 1
    }
},
{
    "model": "distribution.deliveryassignment",
    "pk": 59,
    "fields": {
        "batch": 51,
        "presale": 65,
        "order_in_route": 1
    }
},
{
    "model": "distribution.deliveryassignment",
    "pk": 60,
    "fields": {
        "batch": 52,
        "presale": 67,
        "order_in_route": 1
    }
},
{
    "model": "distribution.deliveryassignment",
    "pk": 61,
    "fields": {
        "batch": 53,
        "presale": 69,
        "order_in_route": 1
    }
},
{
    "model": "distribution.deliveryassignment",
    "pk": 62,
    "fields": {
        "batch": 53,
        "presale": 68,
        "order_in_route": 1
    }
},
{
    "model": "distribution.deliveryassignment",
    "pk": 63,
    "fields": {
        "batch": 54,
        "presale": 74,
        "order_in_route": 1
    }
},
{
    "model": "distribution.deliveryassignment",
    "pk": 64,
    "fields": {
        "batch": 54,
        "presale": 75,
        "order_in_route": 1
    }
},
{
    "model": "distribution.deliveryassignment",
    "pk": 65,
    "fields": {
        "batch": 55,
        "presale": 71,
        "order_in_route": 1
    }
},
{
    "model": "distribution.deliveryassignment",
    "pk": 66,
    "fields": {
        "batch": 55,
        "presale": 72,
        "order_in_route": 1
    }
},
{
    "model": "distribution.deliveryassignment",
    "pk": 67,
    "fields": {
        "batch": 55,
        "presale": 73,
        "order_in_route": 1
    }
},
{
    "model": "distribution.deliveryassignment",
    "pk": 68,
    "fields": {
        "batch": 56,
        "presale": 70,
        "order_in_route": 1
    }
},
{
    "model": "distribution.deliveryassignment",
    "pk": 69,
    "fields": {
        "batch": 57,
        "presale": 77,
        "order_in_route": 1
    }
},
{
    "model": "distribution.deliveryassignment",
    "pk": 70,
    "fields": {
        "batch": 57,
        "presale": 76,
        "order_in_route": 1
    }
},
{
    "model": "distribution.deliveryassignment",
    "pk": 71,
    "fields": {
        "batch": 58,
        "presale": 79,
        "order_in_route": 1
    }
},
{
    "model": "distribution.deliveryassignment",
    "pk": 72,
    "fields": {
        "batch": 59,
        "presale": 78,
        "order_in_route": 1
    }
},
{
    "model": "distribution.deliveryassignment",
    "pk": 73,
    "fields": {
        "batch": 60,
        "presale": 80,
        "order_in_route": 1
    }
},
{
    "model": "distribution.deliveryassignment",
    "pk": 74,
    "fields": {
        "batch": 60,
        "presale": 81,
        "order_in_route": 1
    }
},
{
    "model": "distribution.deliveryassignment",
    "pk": 75,
    "fields": {
        "batch": 61,
        "presale": 82,
        "order_in_route": 1
    }
},
{
    "model": "distribution.deliveryassignment",
    "pk": 76,
    "fields": {
        "batch": 62,
        "presale": 83,
        "order_in_route": 1
    }
},
{
    "model": "distribution.deliveryassignment",
    "pk": 77,
    "fields": {
        "batch": 63,
        "presale": 84,
        "order_in_route": 1
    }
}
]
